condition,episode_idx,success,total_reward,final_distance,recovery_triggered_count,first_recovery_step,steps_to_success,max_distance_from_goal
clean,0,1,-3.0,0.0016243756642060254,47,3,3,0.2126081706012402
clean,1,1,0.0,0.0007922661245981802,49,1,0,0.07703805445128271
clean,2,1,-4.0,0.03349893493573979,47,3,4,0.21970261797146862
clean,3,1,-5.0,0.015008885492038193,9,2,5,0.18926669847066732
clean,4,1,-4.0,0.0008764696770402519,49,1,4,0.14660650620344126
clean,5,1,-4.0,0.025845923082351587,48,2,4,0.15547349893199733
clean,6,1,-3.0,0.0008736424278269208,49,1,3,0.13143243039550298
clean,7,1,-3.0,0.010795746086143787,6,4,3,0.15705194785710522
clean,8,1,-4.0,0.0005950321445357307,48,2,4,0.1610713214636968
clean,9,1,-3.0,0.0008281918288570433,49,1,3,0.1276351569794473
clean,10,1,0.0,0.0007922537014651775,49,1,0,0.0878287410149235
clean,11,1,-6.0,0.0007784113444285176,49,1,6,0.1750036780182428
clean,12,1,0.0,0.0008983724750003149,49,1,0,0.07166812335207509
clean,13,1,0.0,0.0008258849885497897,49,1,0,0.06497799272607774
clean,14,1,-4.0,0.0169249062069748,10,1,4,0.1475597556340611
clean,15,1,-2.0,0.0006676714069143235,47,3,2,0.18152304154785553
clean,16,1,-2.0,0.016924930355772236,47,3,2,0.1908088374939713
clean,17,1,-1.0,0.000877433073667801,48,2,1,0.11681842206328344
clean,18,1,-4.0,0.01888533438956869,48,2,4,0.18026240261156895
clean,19,1,-5.0,0.007427884837159559,49,1,5,0.15515845574024886
clean,20,1,0.0,0.017076499794385337,6,1,0,0.08300719139837222
clean,21,1,-2.0,0.0009120893545809898,47,3,2,0.16539514762640561
clean,22,1,-6.0,0.003083620649625628,49,1,6,0.17868521857959974
clean,23,1,-5.0,0.0008390490537889822,49,1,5,0.1375451110013178
clean,24,1,-5.0,0.012385777077519899,10,1,5,0.1544807513000469
clean,25,1,-5.0,0.014216595541501571,12,1,5,0.15576040285586337
clean,26,1,-1.0,0.014552748513516192,8,1,1,0.08618790433416589
clean,27,1,-1.0,0.0008285510512495088,49,1,1,0.09806183656829275
clean,28,1,-4.0,0.01444460280874732,9,2,4,0.18672429864373966
clean,29,1,-3.0,0.0298680255192126,40,10,3,0.23946698692814478
clean,30,1,-3.0,0.0005467593549083964,46,4,3,0.2270549002769782
clean,31,1,-3.0,0.0008557786617320902,47,3,3,0.2118754100520053
clean,32,1,-1.0,0.0007556768009218885,47,3,1,0.1258399580469583
clean,33,1,-2.0,0.0007375082934661057,47,3,2,0.17108077210062403
clean,34,1,-2.0,0.012971207096285435,5,28,2,0.1309616199386691
clean,35,1,-5.0,0.0008791557349845595,49,1,5,0.15818758421212362
clean,36,1,-6.0,0.029647488439674855,48,2,6,0.21314003481264876
clean,37,1,-5.0,0.012282852309191478,12,1,5,0.15024861447617377
clean,38,1,-3.0,0.014601709957194214,47,3,3,0.21054393648542444
clean,39,1,-5.0,0.013248330813092186,9,1,5,0.14888824610279877
clean,40,1,-1.0,0.0008603934717786584,48,2,1,0.10764628615790996
clean,41,1,-4.0,0.0007188477019543577,48,2,4,0.18167867374695248
clean,42,1,0.0,0.0008694838701696048,49,1,0,0.0704495748004755
clean,43,1,-2.0,0.0007540889723977267,49,1,2,0.11397860787396834
clean,44,1,-2.0,0.0008344240027017143,49,1,2,0.1059772325986583
clean,45,1,-5.0,0.0006208313301877392,49,1,5,0.14405498924709897
clean,46,1,-4.0,0.0008536830133004978,49,1,4,0.15173602931994382
clean,47,1,-5.0,0.02150650436021537,48,2,5,0.1862895187849278
clean,48,1,-2.0,0.012669072982152058,5,3,2,0.14073427199783714
clean,49,1,-7.0,0.011139668425985856,49,1,7,0.19807083535644632
clean,50,1,-1.0,0.013755687826329261,12,1,1,0.10195682543909834
clean,51,1,-2.0,0.013748777762946819,11,3,2,0.20551350357589276
clean,52,1,-4.0,0.000906073765843511,49,1,4,0.13852686535907868
clean,53,1,-6.0,0.0007893973442468803,49,1,6,0.16517563550290348
clean,54,1,-1.0,0.01304260513181329,11,2,1,0.1411479840258841
clean,55,1,-3.0,0.0007078440977950609,49,1,3,0.12360417830184414
clean,56,1,-5.0,0.0006591088063436669,48,2,5,0.18480940695341125
clean,57,1,-2.0,0.0006255125606027401,48,2,2,0.15594645497086657
clean,58,1,-3.0,0.0006033301443916348,47,3,3,0.20191636795831777
clean,59,1,-3.0,0.0007358072953418153,48,2,3,0.17043263070612977
clean,60,1,-3.0,0.0008273771913352747,49,1,3,0.1293270087739347
clean,61,1,-4.0,0.0008419578808549993,49,1,4,0.128331114000638
clean,62,1,-1.0,0.0008027933556901149,49,1,1,0.09504378375277799
clean,63,1,-3.0,0.011390999367371358,6,4,3,0.19016035775762072
clean,64,1,-6.0,0.016065027963584447,16,1,6,0.17051650068743415
clean,65,1,-5.0,0.0006507937319743054,49,1,5,0.1556915217227775
clean,66,1,-1.0,0.0009556779886443775,48,2,1,0.1408332783634081
clean,67,1,-5.0,0.01260233319669685,11,1,5,0.14397507461158027
clean,68,1,-5.0,0.00202829045243932,49,1,5,0.1477444398732185
clean,69,1,-5.0,0.015708189925611463,49,1,5,0.1664322669952642
clean,70,1,-2.0,0.0007614777535163366,48,2,2,0.14448805236261889
clean,71,1,-6.0,0.011844315934293857,17,1,6,0.16717864364287494
clean,72,1,-2.0,0.0007758928361400874,46,4,2,0.18542757417667663
clean,73,1,-3.0,0.016145844580391512,12,3,3,0.21266553940393093
clean,74,1,-2.0,0.0008470153812143609,49,1,2,0.10866139338000631
clean,75,1,0.0,0.015580379190341416,8,1,0,0.09848508714496275
clean,76,1,-1.0,0.01487748192035668,8,1,1,0.08773735670376474
clean,77,1,-5.0,0.0009635259826168797,49,1,5,0.15406312074304282
clean,78,1,-6.0,0.01186996564677162,17,1,6,0.17335040939075166
clean,79,1,-2.0,0.0008530102996315159,47,3,2,0.1910272146905064
clean,80,1,-2.0,0.0008206475773314002,49,1,2,0.09915075618999653
clean,81,1,-2.0,0.014946503170746112,46,4,2,0.1859505936213617
clean,82,1,-3.0,0.0007355504819477498,49,1,3,0.11872614380066632
clean,83,1,-3.0,0.0006155834336665323,47,3,3,0.17058921129684695
clean,84,1,-5.0,0.008594485020131722,49,1,5,0.1695037654010099
clean,85,1,-1.0,0.013738492721988769,11,2,1,0.13960981017538085
clean,86,1,-1.0,0.000924545156421951,48,2,1,0.13248418613654614
clean,87,1,0.0,0.0008620116499112639,49,1,0,0.04973863386721912
clean,88,1,-3.0,0.034121127586417534,46,4,3,0.1917253647079095
clean,89,1,-3.0,0.0007897159898910016,48,2,3,0.16808354895920544
clean,90,1,-2.0,0.01149714138768425,9,3,2,0.18414999887728528
clean,91,1,-3.0,0.0118165000971996,10,3,3,0.17850637987997015
clean,92,1,-5.0,0.012090511367401283,13,1,5,0.1612507753495839
clean,93,1,-6.0,0.011805298589711712,13,1,6,0.16545462249962453
clean,94,1,-2.0,0.01455026186821397,9,1,2,0.11800847316632491
clean,95,1,-4.0,0.0008217905255132416,49,1,4,0.12789897988889717
clean,96,1,-2.0,0.024628719813446383,3,4,2,0.12985910963437627
clean,97,1,-3.0,0.0009225339934858747,49,1,3,0.11834937223539041
clean,98,1,-4.0,0.012483693367676638,16,2,4,0.17151579363458844
clean,99,1,-6.0,0.02247870413729952,49,1,6,0.183906801266832
sensor_dropout,0,1,-16.0,0.00428397396056737,45,5,16,0.3068983888742827
sensor_dropout,1,1,-12.0,0.000726533705694744,45,5,0,0.21504419797794222
sensor_dropout,2,1,-16.0,0.033414544749134356,45,5,16,0.31789712449110524
sensor_dropout,3,1,-16.0,0.0005745890126125511,45,5,16,0.31994021477717577
sensor_dropout,4,1,-15.0,0.0008055917073374216,45,5,15,0.2993788765358202
sensor_dropout,5,1,-17.0,0.026159628154904968,45,5,17,0.4158851472062803
sensor_dropout,6,1,-16.0,0.0008076897956079387,45,5,16,0.31447731183405325
sensor_dropout,7,1,-16.0,0.0006513129597008826,44,6,16,0.2777951993871058
sensor_dropout,8,1,-15.0,0.003111871939961923,43,7,15,0.25302751385100847
sensor_dropout,9,1,-16.0,0.0007388033678036682,45,5,16,0.3483308998675676
sensor_dropout,10,1,-14.0,0.0007134569857160678,45,5,14,0.28193708338008866
sensor_dropout,11,1,-16.0,0.0006838479918111873,43,7,16,0.2572621630672076
sensor_dropout,12,1,-15.0,0.000811977026090635,45,5,15,0.3251210917030544
sensor_dropout,13,1,-15.0,0.0007512445708966597,45,5,15,0.31382626299644956
sensor_dropout,14,1,-14.0,0.0005862373100467166,45,5,14,0.27669958344286183
sensor_dropout,15,1,-15.0,0.0006562536713607978,45,5,15,0.2969959361770278
sensor_dropout,16,1,-16.0,0.01721399992931879,45,5,16,0.37906758553317615
sensor_dropout,17,1,-16.0,0.0008018056661547983,45,5,16,0.3807697509801165
sensor_dropout,18,1,-16.0,0.018941396272043196,45,5,16,0.3882323208744606
sensor_dropout,19,1,-17.0,0.007608290314588748,45,5,17,0.4228461111053399
sensor_dropout,20,1,-14.0,0.0007288551485367684,45,5,14,0.2817082373133018
sensor_dropout,21,1,-15.0,0.0008191374393527111,45,5,15,0.3201363077108558
sensor_dropout,22,1,-15.0,0.004563538998620517,45,5,15,0.30315841092548734
sensor_dropout,23,1,-14.0,0.0007655476185145172,45,5,14,0.23919659849571132
sensor_dropout,24,1,-17.0,0.000722024453454099,44,6,17,0.26488113525723295
sensor_dropout,25,1,-14.0,0.0010102489576133964,44,6,14,0.2410645553393078
sensor_dropout,26,1,-13.0,0.0007454003547263873,45,5,13,0.2330979226640752
sensor_dropout,27,1,-13.0,0.000765991206676139,45,5,13,0.22697575978391976
sensor_dropout,28,1,-15.0,0.0005862279715720026,45,5,15,0.2940575822681789
sensor_dropout,29,1,-15.0,0.029880346980641414,45,5,15,0.30801723903982187
sensor_dropout,30,1,-13.0,0.0028582569632594327,42,8,3,0.2270549002769782
sensor_dropout,31,1,-17.0,0.0007740252732330683,44,6,17,0.30133257953113923
sensor_dropout,32,1,-15.0,0.0006723296088034004,45,5,15,0.2999548523842348
sensor_dropout,33,1,-16.0,0.0006859947025575754,44,6,16,0.28587195571289536
sensor_dropout,34,1,-13.0,0.000721160265843613,45,5,13,0.23369470547306578
sensor_dropout,35,1,-16.0,0.0008108027632463717,45,5,16,0.33378201956937836
sensor_dropout,36,1,-18.0,0.030055056833148446,45,5,18,0.4380604916510056
sensor_dropout,37,1,-14.0,0.0006424487362245274,44,6,14,0.22788969327794106
sensor_dropout,38,1,-17.0,0.014929078663630716,45,5,17,0.4127854653724929
sensor_dropout,39,1,-14.0,0.0007807953157818495,45,5,14,0.27546839707164233
sensor_dropout,40,1,-16.0,0.0007738363148832298,45,5,16,0.3619507392710369
sensor_dropout,41,1,-16.0,0.0006322375074288668,45,5,16,0.36884444167172026
sensor_dropout,42,1,-15.0,0.0007984634793965229,45,5,15,0.29727773895089654
sensor_dropout,43,1,-14.0,0.0006743498284334492,45,5,14,0.2740237816667489
sensor_dropout,44,1,-13.0,0.0007682389384031666,45,5,13,0.23081104317389475
sensor_dropout,45,1,-13.0,0.0005720123080228793,45,5,13,0.248882971582248
sensor_dropout,46,1,-15.0,0.0007599680400486243,45,5,15,0.302018685467584
sensor_dropout,47,1,-16.0,0.021713453446692177,45,5,16,0.3527649797906129
sensor_dropout,48,1,-15.0,0.000823164216519159,44,6,15,0.25431807180985566
sensor_dropout,49,1,-18.0,0.011426539391918412,45,5,18,0.46493470479784355
sensor_dropout,50,1,-14.0,0.0006999582115035151,45,5,14,0.274769717174016
sensor_dropout,51,1,-15.0,0.0009025353594163997,45,5,15,0.28022988970854446
sensor_dropout,52,1,-17.0,0.0008257765661369135,45,5,17,0.39519510147796566
sensor_dropout,53,1,-16.0,0.0006982831287190679,44,6,16,0.2237530795214699
sensor_dropout,54,1,-15.0,0.0007886858915862517,45,5,15,0.32023215554056406
sensor_dropout,55,1,-14.0,0.0006313994699695991,45,5,14,0.2647264010315603
sensor_dropout,56,1,-15.0,0.0005837562335375298,45,5,15,0.33573734151192614
sensor_dropout,57,1,-14.0,0.0006434586864203866,43,7,2,0.23596298661531043
sensor_dropout,58,1,-15.0,0.002311499554577312,42,8,15,0.23720485457191276
sensor_dropout,59,1,-16.0,0.0006505149179968688,45,5,16,0.3619503236644845
sensor_dropout,60,1,-15.0,0.0007378841020142321,45,5,15,0.29778679596356605
sensor_dropout,61,1,-14.0,0.0007724841090050547,45,5,14,0.23962025098231987
sensor_dropout,62,1,-15.0,0.000740778605304964,45,5,15,0.32543294940650197
sensor_dropout,63,1,-16.0,0.0007137241404800635,45,5,16,0.3235798640908475
sensor_dropout,64,1,-16.0,0.0007137925375897562,45,5,16,0.34816574813123835
sensor_dropout,65,1,-14.0,0.0005835415856921028,45,5,14,0.25398907909801116
sensor_dropout,66,1,-16.0,0.0008516592401951206,45,5,16,0.37257447754746903
sensor_dropout,67,1,-16.0,0.000669191806971211,44,6,16,0.236458831813493
sensor_dropout,68,1,-16.0,0.002018634387328865,45,5,16,0.3400217327406049
sensor_dropout,69,1,-17.0,0.01598784188596579,45,5,17,0.433726627923516
sensor_dropout,70,1,-16.0,0.0006969245983503712,45,5,16,0.3560014481622133
sensor_dropout,71,1,-14.0,0.003875459067639516,44,6,14,0.22591877317309328
sensor_dropout,72,1,-15.0,0.0006823866009810086,45,5,15,0.2854791882602509
sensor_dropout,73,1,-17.0,0.003840523784793102,45,5,17,0.4110151613039018
sensor_dropout,74,1,-15.0,0.0007576385874250529,45,5,15,0.32979806211437623
sensor_dropout,75,1,-14.0,0.0006914667849650856,45,5,14,0.26020512500428455
sensor_dropout,76,1,-14.0,0.0007559391946195517,45,5,14,0.24468517330522332
sensor_dropout,77,1,-17.0,0.0008628332311025696,45,5,17,0.40072521406068223
sensor_dropout,78,1,-14.0,0.0012635836108914162,44,6,14,0.22312766305880294
sensor_dropout,79,1,-14.0,0.0007966793941759255,45,5,14,0.26231759603964866
sensor_dropout,80,1,-13.0,0.0007539400404163006,45,5,13,0.2193752737441057
sensor_dropout,81,1,-15.0,0.015035071145076502,45,5,15,0.31354199065563904
sensor_dropout,82,1,-14.0,0.0006595815536287166,45,5,14,0.29606299654805374
sensor_dropout,83,1,-14.0,0.0009928148061685484,44,6,14,0.22723004754329654
sensor_dropout,84,1,-16.0,0.008739633431403868,45,5,16,0.3404551092389345
sensor_dropout,85,1,-12.0,0.0006391704086316049,44,6,1,0.1923352598458608
sensor_dropout,86,1,-15.0,0.0008245733288287396,45,5,15,0.32984265974540916
sensor_dropout,87,1,-15.0,0.0007907005338493912,45,5,15,0.310725737194533
sensor_dropout,88,1,-18.0,0.034628587197876225,45,5,18,0.4554660484624957
sensor_dropout,89,1,-15.0,0.0006984650573175413,45,5,15,0.28720357890897696
sensor_dropout,90,1,-15.0,0.0005985504645000527,43,7,15,0.21185107959908844
sensor_dropout,91,1,-14.0,0.007386447408807053,44,6,14,0.23709169083959583
sensor_dropout,92,1,-14.0,0.0011463093657756076,44,6,14,0.2290492708549141
sensor_dropout,93,1,-14.0,0.0010909082118595386,44,6,14,0.22608896540027704
sensor_dropout,94,1,-14.0,0.0006719896905820278,45,5,14,0.2572812066936645
sensor_dropout,95,1,-16.0,0.0007537140352014545,45,5,16,0.3696898131149433
sensor_dropout,96,1,-16.0,0.0008248627512620401,45,5,16,0.3785542983800787
sensor_dropout,97,1,-16.0,0.0008216738401414925,45,5,16,0.3550253177470495
sensor_dropout,98,1,-14.0,0.002154044954307166,43,7,14,0.22524321240171574
sensor_dropout,99,1,-16.0,0.02237375946215597,45,5,16,0.33061729901912384
sensor_bias,0,1,-15.0,0.0007124862738228481,42,8,3,0.23901773201628884
sensor_bias,1,1,0.0,0.0007954611385219126,48,2,0,0.07703805445128271
sensor_bias,2,1,-5.0,0.03373971255427956,42,8,3,0.21970261797146862
sensor_bias,3,1,-6.0,0.0006220728651317485,49,1,6,0.18926669847066732
sensor_bias,4,1,-3.0,0.0008915149326407034,47,3,3,0.14660650620344126
sensor_bias,5,1,-12.0,0.02624930698539635,47,3,12,0.15822334794493276
sensor_bias,6,1,-4.0,0.0008659356507526253,47,3,4,0.13143243039550298
sensor_bias,7,1,-14.0,0.0007274482788817295,45,5,14,0.27547165775998705
sensor_bias,8,1,-8.0,0.0006176071370929563,49,1,8,0.17487156563438758
sensor_bias,9,1,-10.0,0.0008163475404542428,44,6,10,0.1276351569794473
sensor_bias,10,1,-1.0,0.029936125760792194,5,1,1,0.0878287410149235
sensor_bias,11,1,-8.0,0.0007741121628107912,46,4,8,0.1750036780182428
sensor_bias,12,1,-12.0,0.0008887925846649873,45,5,12,0.2025822457980106
sensor_bias,13,1,-4.0,0.0008224979683138846,49,1,4,0.08453965734421134
sensor_bias,14,1,-2.0,0.0006326317817412582,48,2,2,0.1475597556340611
sensor_bias,15,1,-3.0,0.0006587396671441889,46,4,2,0.18152304154785553
sensor_bias,16,1,-12.0,0.017329122017289342,44,6,12,0.1908088374939713
sensor_bias,17,1,-11.0,0.0008651446685652759,46,4,11,0.17979493288893864
sensor_bias,18,1,-8.0,0.019077993248995163,48,2,8,0.18026240261156895
sensor_bias,19,1,-7.0,0.007451883852791661,48,2,7,0.15515845574024886
sensor_bias,20,1,-1.0,0.0007862059868518177,49,1,1,0.08300719139837222
sensor_bias,21,1,-12.0,0.0008540065800156497,45,5,12,0.2052355387464177
sensor_bias,22,1,-6.0,0.004608576789397644,49,1,6,0.17868521857959974
sensor_bias,23,1,-5.0,0.0008441917828922646,49,1,5,0.1375451110013178
sensor_bias,24,1,-8.0,0.0007946761258522016,48,2,8,0.1544807513000469
sensor_bias,25,1,-4.0,0.0005816431690798374,48,2,4,0.15576040285586337
sensor_bias,26,1,-4.0,0.0008025870154194718,48,2,4,0.08618790433416589
sensor_bias,27,1,-1.0,0.0008287613473381835,49,1,1,0.09806183656829275
sensor_bias,28,1,-4.0,0.0005568148207693072,46,4,4,0.18672429864373966
sensor_bias,29,1,-16.0,0.030644195693918533,41,9,16,0.23946698692814478
sensor_bias,30,1,-8.0,0.0005813026870736881,49,1,8,0.2270549002769782
sensor_bias,31,1,-14.0,0.0007481857848254065,42,8,2,0.2288557645491025
sensor_bias,32,1,-4.0,0.0007612027119412537,48,2,4,0.1258399580469583
sensor_bias,33,1,-8.0,0.0007504892439235183,48,2,8,0.17108077210062403
sensor_bias,34,1,-5.0,0.0007740135340252668,49,1,5,0.1309616199386691
sensor_bias,35,1,-13.0,0.0008200216173864588,44,6,13,0.2014051605079426
sensor_bias,36,1,-11.0,0.029501794562286857,47,3,11,0.23356267562796876
sensor_bias,37,1,-7.0,0.0006703622026372864,49,1,7,0.15024861447617377
sensor_bias,38,1,-6.0,0.014608685603609504,45,5,6,0.21054393648542444
sensor_bias,39,1,-7.0,0.0008206983655956636,48,2,7,0.14888824610279877
sensor_bias,40,1,-4.0,0.0008605089552355926,49,1,4,0.10764628615790996
sensor_bias,41,1,-6.0,0.000714338282822078,48,2,6,0.18167867374695248
sensor_bias,42,1,-5.0,0.0008690599126830588,49,1,5,0.11402229677948582
sensor_bias,43,1,-9.0,0.0007513752844722252,43,7,1,0.11397860787396834
sensor_bias,44,1,-2.0,0.0008345133904292703,49,1,2,0.1059772325986583
sensor_bias,45,1,-5.0,0.0006188688055077552,49,1,5,0.14405498924709897
sensor_bias,46,1,-13.0,0.0008436175729739122,44,6,13,0.18250281779757177
sensor_bias,47,1,-11.0,0.021880124698930446,45,5,11,0.1862895187849278
sensor_bias,48,1,-2.0,0.020914721757259325,8,3,2,0.14073427199783714
sensor_bias,49,1,-15.0,0.011552642582009633,45,5,15,0.25211149931576965
sensor_bias,50,1,-6.0,0.0007551292075311287,47,3,6,0.10195682543909834
sensor_bias,51,1,-10.0,0.0006916968111579776,48,2,10,0.21662737692625134
sensor_bias,52,1,-11.0,0.0008956368812055613,42,8,11,0.13852686535907868
sensor_bias,53,1,-5.0,0.0007882822234798059,48,2,5,0.16517563550290348
sensor_bias,54,1,-5.0,0.0008391004649657916,49,1,5,0.1411479840258841
sensor_bias,55,1,-3.0,0.0007082139087052117,49,1,3,0.12360417830184414
sensor_bias,56,1,-3.0,0.0015125113675550333,40,10,3,0.18480940695341125
sensor_bias,57,1,-5.0,0.0006347223354942489,49,1,5,0.15594645497086657
sensor_bias,58,1,-7.0,0.000638373386595726,49,1,7,0.20191636795831777
sensor_bias,59,1,-7.0,0.0007445802525569815,49,1,7,0.17043263070612977
sensor_bias,60,1,-1.0,0.0008265619696843286,47,3,1,0.1293270087739347
sensor_bias,61,1,-4.0,0.0008384565831304559,48,2,4,0.128331114000638
sensor_bias,62,1,-3.0,0.0008047289304096203,48,2,3,0.09504378375277799
sensor_bias,63,1,-6.0,0.0007531572480895202,49,1,6,0.19016035775762072
sensor_bias,64,1,-14.0,0.0007488000713388416,44,6,14,0.23665798556000345
sensor_bias,65,1,-8.0,0.004307937965241955,42,8,2,0.1556915217227775
sensor_bias,66,1,-6.0,0.0009433159916356853,49,1,6,0.1408332783634081
sensor_bias,67,1,-8.0,0.0007528676005177687,47,3,8,0.14397507461158027
sensor_bias,68,1,-15.0,0.0020571652367906263,45,5,15,0.32295332053070597
sensor_bias,69,1,-12.0,0.01610372099083078,42,8,12,0.1664322669952642
sensor_bias,70,1,-4.0,0.0007634598127656973,47,3,4,0.14448805236261889
sensor_bias,71,1,-6.0,0.0005910839642986405,49,1,6,0.16717864364287494
sensor_bias,72,1,-4.0,0.0007740072446997767,48,2,4,0.18542757417667663
sensor_bias,73,1,-9.0,0.0025138259041271862,48,2,9,0.21266553940393093
sensor_bias,74,1,-9.0,0.0008399677350977597,48,2,9,0.19994603906819558
sensor_bias,75,1,-12.0,0.0007424715936178607,46,4,12,0.24982786253790243
sensor_bias,76,1,-3.0,0.0008092175192850272,49,1,3,0.08773735670376474
sensor_bias,77,1,-14.0,0.0009508157268112201,45,5,14,0.2529107231045948
sensor_bias,78,1,-6.0,0.0006143767911633115,49,1,6,0.17335040939075166
sensor_bias,79,1,-2.0,0.0008545337320427861,47,3,2,0.1910272146905064
sensor_bias,80,1,-4.0,0.000807011254225856,48,2,4,0.09915075618999653
sensor_bias,81,1,-18.0,0.015636311432333246,41,9,18,0.1859505936213617
sensor_bias,82,1,-1.0,0.0007343904339925403,48,2,1,0.11872614380066632
sensor_bias,83,1,-8.0,0.0006039886969811632,47,3,8,0.17058921129684695
sensor_bias,84,1,-14.0,0.009058979337618603,44,6,14,0.1695037654010099
sensor_bias,85,1,-13.0,0.0007040597931642741,45,5,13,0.24025952028472217
sensor_bias,86,1,-5.0,0.000913046323144119,49,1,5,0.13248418613654614
sensor_bias,87,1,-3.0,0.0008537493273126247,49,1,3,0.07168169514726824
sensor_bias,88,1,-15.0,0.03455171902820623,47,3,15,0.1917253647079095
sensor_bias,89,1,-9.0,0.0007900518601210662,48,2,9,0.20163551520644568
sensor_bias,90,1,-4.0,0.0006599471204753359,47,3,4,0.18414999887728528
sensor_bias,91,1,-6.0,0.0005835257323623066,48,2,6,0.17850637987997015
sensor_bias,92,1,-5.0,0.0005937148242454469,49,1,5,0.1612507753495839
sensor_bias,93,1,-11.0,0.000607085195080911,47,3,11,0.2266631910337472
sensor_bias,94,1,-9.0,0.0007279873450750533,48,2,9,0.17462615370166512
sensor_bias,95,1,-3.0,0.0008195537451797756,48,2,3,0.12789897988889717
sensor_bias,96,1,-4.0,0.0009086389254440366,49,1,4,0.12985910963437627
sensor_bias,97,1,-3.0,0.000920408129064541,49,1,3,0.11834937223539041
sensor_bias,98,1,-3.0,0.0005644699440904778,47,3,3,0.17151579363458844
sensor_bias,99,1,-13.0,0.022779008804790838,46,4,13,0.183906801266832
goal_spoof_immediate,0,1,-6.0,0.0021889789990271664,48,2,6,0.2126081706012402
goal_spoof_immediate,1,1,-6.0,0.0008124206313076105,48,2,6,0.11671035710206101
goal_spoof_immediate,2,1,-7.0,0.03360314926310511,49,1,7,0.21970261797146862
goal_spoof_immediate,3,1,-6.0,0.0006221139591397184,49,1,6,0.18926669847066732
goal_spoof_immediate,4,1,-5.0,0.0008835092360739785,49,1,5,0.14660650620344126
goal_spoof_immediate,5,1,-9.0,0.025953675245793627,47,3,9,0.15547349893199733
goal_spoof_immediate,6,1,-9.0,0.0009012898569060739,46,4,9,0.13143243039550298
goal_spoof_immediate,7,1,-7.0,0.0007213641194781872,48,2,7,0.15705194785710522
goal_spoof_immediate,8,1,-6.0,0.0006050377903773457,47,3,6,0.1610713214636968
goal_spoof_immediate,9,1,-5.0,0.0008326933653627132,49,1,5,0.1276351569794473
goal_spoof_immediate,10,1,-4.0,0.0007836615102197431,49,1,4,0.08918645613511321
goal_spoof_immediate,11,1,-5.0,0.0007789435335417499,48,2,5,0.1750036780182428
goal_spoof_immediate,12,1,-1.0,0.0008984343601643003,49,1,1,0.07166812335207509
goal_spoof_immediate,13,1,-4.0,0.0008376992835757395,48,2,4,0.0796111896709316
goal_spoof_immediate,14,1,-5.0,0.0006411633091233658,49,1,5,0.1475597556340611
goal_spoof_immediate,15,1,-2.0,0.0006673233806096967,47,3,2,0.18152304154785553
goal_spoof_immediate,16,1,-5.0,0.017126346029152622,47,3,5,0.1908088374939713
goal_spoof_immediate,17,1,-4.0,0.0008784163254537214,46,4,2,0.11681842206328344
goal_spoof_immediate,18,1,-14.0,0.01928558461366476,42,8,14,0.18026240261156895
goal_spoof_immediate,19,1,-3.0,0.007528479058952542,47,3,3,0.15515845574024886
goal_spoof_immediate,20,1,-4.0,0.0007927527598831829,49,1,4,0.08509349608038314
goal_spoof_immediate,21,1,-6.0,0.0008907903457772501,48,2,6,0.16539514762640561
goal_spoof_immediate,22,1,-6.0,0.003760847231356884,49,1,6,0.17868521857959974
goal_spoof_immediate,23,1,-5.0,0.0008395578421609566,49,1,5,0.1375451110013178
goal_spoof_immediate,24,1,-7.0,0.000807209001806263,47,3,7,0.1544807513000469
goal_spoof_immediate,25,1,-2.0,0.000552929120070794,46,4,2,0.15576040285586337
goal_spoof_immediate,26,1,-2.0,0.0008051603466556933,49,1,2,0.08618790433416589
goal_spoof_immediate,27,1,-4.0,0.0008261252893249452,49,1,4,0.09929935587128691
goal_spoof_immediate,28,1,-7.0,0.0006407625803375584,45,5,2,0.18672429864373966
goal_spoof_immediate,29,1,-9.0,0.029954905025751894,41,9,3,0.23946698692814478
goal_spoof_immediate,30,1,-7.0,0.0005686501932705744,48,2,7,0.2270549002769782
goal_spoof_immediate,31,1,-5.0,0.0008576597737072009,48,2,5,0.2118754100520053
goal_spoof_immediate,32,1,-4.0,0.0007522112457303018,48,2,4,0.1258399580469583
goal_spoof_immediate,33,1,-7.0,0.0007379250737796932,49,1,7,0.17108077210062403
goal_spoof_immediate,34,1,-6.0,0.0007620606014494886,48,2,6,0.1309616199386691
goal_spoof_immediate,35,1,-5.0,0.0008787714890919373,49,1,5,0.15818758421212362
goal_spoof_immediate,36,1,-6.0,0.029661832902331493,48,2,6,0.21314003481264876
goal_spoof_immediate,37,1,-5.0,0.0006661751682054924,49,1,5,0.15024861447617377
goal_spoof_immediate,38,1,-3.0,0.01459979399410077,47,3,3,0.21054393648542444
goal_spoof_immediate,39,1,-7.0,0.0007775485147919748,42,8,3,0.14888824610279877
goal_spoof_immediate,40,1,-4.0,0.0008683500435742672,48,2,4,0.10764628615790996
goal_spoof_immediate,41,1,-6.0,0.0007207484063182179,49,1,6,0.18167867374695248
goal_spoof_immediate,42,1,0.0,0.0008714093615051605,49,1,0,0.0704495748004755
goal_spoof_immediate,43,1,-5.0,0.0007472069028341543,49,1,5,0.11397860787396834
goal_spoof_immediate,44,1,-2.0,0.000832917758516708,48,2,2,0.1059772325986583
goal_spoof_immediate,45,1,-5.0,0.0006186023774853839,49,1,5,0.14405498924709897
goal_spoof_immediate,46,1,-5.0,0.0008467110453641935,48,2,5,0.15173602931994382
goal_spoof_immediate,47,1,-5.0,0.021535353893509596,48,2,5,0.1862895187849278
goal_spoof_immediate,48,1,-5.0,0.00064978925687256,49,1,5,0.14073427199783714
goal_spoof_immediate,49,1,-14.0,0.011246267423874549,40,10,14,0.19807083535644632
goal_spoof_immediate,50,1,-4.0,0.0007520306435318567,49,1,4,0.10195682543909834
goal_spoof_immediate,51,1,-6.0,0.0006091106075287211,48,2,6,0.20551350357589276
goal_spoof_immediate,52,1,-5.0,0.0009007950584956552,49,1,5,0.13852686535907868
goal_spoof_immediate,53,1,-5.0,0.0007878720401529327,48,2,5,0.16517563550290348
goal_spoof_immediate,54,1,-2.0,0.0008369626593749868,47,3,2,0.1411479840258841
goal_spoof_immediate,55,1,-5.0,0.0006998724720624576,49,1,5,0.12360417830184414
goal_spoof_immediate,56,1,-12.0,0.0007109073021431236,43,7,12,0.18480940695341125
goal_spoof_immediate,57,1,-5.0,0.0006325219976916371,49,1,5,0.15594645497086657
goal_spoof_immediate,58,1,-7.0,0.0006454109678105774,49,1,7,0.20191636795831777
goal_spoof_immediate,59,1,-2.0,0.0007353225110774278,47,3,2,0.17043263070612977
goal_spoof_immediate,60,1,-1.0,0.0008246027560144399,48,2,1,0.1293270087739347
goal_spoof_immediate,61,1,-4.0,0.0008383980190432765,49,1,4,0.128331114000638
goal_spoof_immediate,62,1,-10.0,0.0008071039003744241,46,4,10,0.14678900407009132
goal_spoof_immediate,63,1,-7.0,0.0007530144466307119,49,1,7,0.19016035775762072
goal_spoof_immediate,64,1,-5.0,0.0007458187258718971,46,4,5,0.17051650068743415
goal_spoof_immediate,65,1,-5.0,0.0006543824200252657,47,3,5,0.1556915217227775
goal_spoof_immediate,66,1,-6.0,0.0009429576680160611,49,1,6,0.1408332783634081
goal_spoof_immediate,67,1,-7.0,0.0007561964135945734,48,2,7,0.14397507461158027
goal_spoof_immediate,68,1,-5.0,0.0020399023042533913,49,1,5,0.1477444398732185
goal_spoof_immediate,69,1,-6.0,0.015723185954125887,49,1,6,0.1664322669952642
goal_spoof_immediate,70,1,-5.0,0.0007613080633906498,49,1,5,0.14448805236261889
goal_spoof_immediate,71,1,-6.0,0.0005942531008400491,49,1,6,0.16717864364287494
goal_spoof_immediate,72,1,-2.0,0.0007743865523159303,47,3,2,0.18542757417667663
goal_spoof_immediate,73,1,-6.0,0.003982928760314105,47,3,6,0.21266553940393093
goal_spoof_immediate,74,1,-3.0,0.0008470714306215327,49,1,3,0.10866139338000631
goal_spoof_immediate,75,1,-11.0,0.0007562387114411185,45,5,11,0.1504298202758199
goal_spoof_immediate,76,1,-5.0,0.0008014916058744836,48,2,5,0.09049653267551472
goal_spoof_immediate,77,1,-5.0,0.0009684919877102573,48,2,5,0.15406312074304282
goal_spoof_immediate,78,1,-7.0,0.0006200287708165833,49,1,7,0.17335040939075166
goal_spoof_immediate,79,1,-5.0,0.000853891809994803,48,2,5,0.1910272146905064
goal_spoof_immediate,80,1,-3.0,0.000820926009116781,49,1,3,0.09915075618999653
goal_spoof_immediate,81,1,-6.0,0.014958322255272249,49,1,6,0.1859505936213617
goal_spoof_immediate,82,1,-3.0,0.0007374006048512588,49,1,3,0.11872614380066632
goal_spoof_immediate,83,1,-6.0,0.0006211289700503949,49,1,6,0.17058921129684695
goal_spoof_immediate,84,1,-6.0,0.008658486385502378,48,2,6,0.1695037654010099
goal_spoof_immediate,85,1,-4.0,0.0007080400218328784,49,1,4,0.13960981017538085
goal_spoof_immediate,86,1,-5.0,0.0009201545465578552,47,3,5,0.13248418613654614
goal_spoof_immediate,87,1,0.0,0.0008582014307401956,49,1,0,0.04973863386721912
goal_spoof_immediate,88,1,-7.0,0.03415368439665893,47,3,7,0.1917253647079095
goal_spoof_immediate,89,1,-3.0,0.0007887773568296791,48,2,3,0.16808354895920544
goal_spoof_immediate,90,1,-6.0,0.0006694009901673548,49,1,6,0.18414999887728528
goal_spoof_immediate,91,1,-7.0,0.0006337058509559091,44,6,2,0.17850637987997015
goal_spoof_immediate,92,1,-7.0,0.0006026891372257023,49,1,7,0.1612507753495839
goal_spoof_immediate,93,1,-6.0,0.0005807732580547718,49,1,6,0.16545462249962453
goal_spoof_immediate,94,1,-5.0,0.000690242388926386,46,4,1,0.11800847316632491
goal_spoof_immediate,95,1,-6.0,0.0008229115709704005,47,3,6,0.12789897988889717
goal_spoof_immediate,96,1,-7.0,0.0008947264977482202,48,2,7,0.12985910963437627
goal_spoof_immediate,97,1,-4.0,0.000921648735533914,49,1,4,0.11834937223539041
goal_spoof_immediate,98,1,-6.0,0.000580549238365222,49,1,6,0.17151579363458844
goal_spoof_immediate,99,1,-7.0,0.022496914859792178,49,1,7,0.183906801266832
goal_spoof_midep,0,1,-3.0,0.0016243756642060254,47,3,3,0.2126081706012402
goal_spoof_midep,1,1,0.0,0.0007922661245981802,49,1,0,0.07703805445128271
goal_spoof_midep,2,1,-4.0,0.03349893493573979,47,3,4,0.21970261797146862
goal_spoof_midep,3,1,-5.0,0.0006810434907180614,38,2,5,0.18926669847066732
goal_spoof_midep,4,1,-4.0,0.0008764696770402519,49,1,4,0.14660650620344126
goal_spoof_midep,5,1,-4.0,0.025845923082351587,48,2,4,0.15547349893199733
goal_spoof_midep,6,1,-3.0,0.0008736424278269208,49,1,3,0.13143243039550298
goal_spoof_midep,7,1,-3.0,0.0007588366908942481,31,4,3,0.15705194785710522
goal_spoof_midep,8,1,-4.0,0.0005950321445357307,48,2,4,0.1610713214636968
goal_spoof_midep,9,1,-3.0,0.0008281918288570433,49,1,3,0.1276351569794473
goal_spoof_midep,10,1,0.0,0.0007922537014651775,49,1,0,0.0878287410149235
goal_spoof_midep,11,1,-6.0,0.0007784113444285176,49,1,6,0.1750036780182428
goal_spoof_midep,12,1,0.0,0.0008983724750003149,49,1,0,0.07166812335207509
goal_spoof_midep,13,1,0.0,0.0008258849885497897,49,1,0,0.06497799272607774
goal_spoof_midep,14,1,-4.0,0.0007102741108241941,39,1,4,0.1475597556340611
goal_spoof_midep,15,1,-2.0,0.0006676714069143235,47,3,2,0.18152304154785553
goal_spoof_midep,16,1,-2.0,0.016924930355772236,47,3,2,0.1908088374939713
goal_spoof_midep,17,1,-1.0,0.000877433073667801,48,2,1,0.11681842206328344
goal_spoof_midep,18,1,-4.0,0.01888533438956869,48,2,4,0.18026240261156895
goal_spoof_midep,19,1,-5.0,0.007427884837159559,49,1,5,0.15515845574024886
goal_spoof_midep,20,1,0.0,0.0008525101347264816,31,1,0,0.08300719139837222
goal_spoof_midep,21,1,-2.0,0.0009120893545809898,47,3,2,0.16539514762640561
goal_spoof_midep,22,1,-6.0,0.003083620649625628,49,1,6,0.17868521857959974
goal_spoof_midep,23,1,-5.0,0.0008390490537889822,49,1,5,0.1375451110013178
goal_spoof_midep,24,1,-5.0,0.0008381358134543434,39,1,5,0.1544807513000469
goal_spoof_midep,25,1,-5.0,0.0006330336472478495,40,1,5,0.15576040285586337
goal_spoof_midep,26,1,-1.0,0.0008552294080944357,33,1,1,0.08618790433416589
goal_spoof_midep,27,1,-1.0,0.0008285510512495088,49,1,1,0.09806183656829275
goal_spoof_midep,28,1,-4.0,0.0006465147929972512,38,2,4,0.18672429864373966
goal_spoof_midep,29,1,-3.0,0.0298680255192126,40,10,3,0.23946698692814478
goal_spoof_midep,30,1,-3.0,0.0005467593549083964,46,4,3,0.2270549002769782
goal_spoof_midep,31,1,-3.0,0.0008557786617320902,47,3,3,0.2118754100520053
goal_spoof_midep,32,1,-1.0,0.0007556768009218885,47,3,1,0.1258399580469583
goal_spoof_midep,33,1,-2.0,0.0007375082934661057,47,3,2,0.17108077210062403
goal_spoof_midep,34,1,-2.0,0.0008115538852546611,30,20,2,0.1309616199386691
goal_spoof_midep,35,1,-5.0,0.0008791557349845595,49,1,5,0.15818758421212362
goal_spoof_midep,36,1,-6.0,0.029647488439674855,48,2,6,0.21314003481264876
goal_spoof_midep,37,1,-5.0,0.0006965186016789218,39,1,5,0.15024861447617377
goal_spoof_midep,38,1,-3.0,0.014601709957194214,47,3,3,0.21054393648542444
goal_spoof_midep,39,1,-5.0,0.0008704696475255535,37,1,5,0.14888824610279877
goal_spoof_midep,40,1,-1.0,0.0008603934717786584,48,2,1,0.10764628615790996
goal_spoof_midep,41,1,-4.0,0.0007188477019543577,48,2,4,0.18167867374695248
goal_spoof_midep,42,1,0.0,0.0008694838701696048,49,1,0,0.0704495748004755
goal_spoof_midep,43,1,-2.0,0.0007540889723977267,49,1,2,0.11397860787396834
goal_spoof_midep,44,1,-2.0,0.0008344240027017143,49,1,2,0.1059772325986583
goal_spoof_midep,45,1,-5.0,0.0006208313301877392,49,1,5,0.14405498924709897
goal_spoof_midep,46,1,-4.0,0.0008536830133004978,49,1,4,0.15173602931994382
goal_spoof_midep,47,1,-5.0,0.02150650436021537,48,2,5,0.1862895187849278
goal_spoof_midep,48,1,-2.0,0.0006883575457063214,31,3,2,0.14073427199783714
goal_spoof_midep,49,1,-7.0,0.011139668425985856,49,1,7,0.19807083535644632
goal_spoof_midep,50,1,-1.0,0.0008059787067996883,36,1,1,0.10195682543909834
goal_spoof_midep,51,1,-2.0,0.0006463620943902721,35,3,2,0.20551350357589276
goal_spoof_midep,52,1,-4.0,0.000906073765843511,49,1,4,0.13852686535907868
goal_spoof_midep,53,1,-6.0,0.0007893973442468803,49,1,6,0.16517563550290348
goal_spoof_midep,54,1,-1.0,0.0008831097083632154,35,2,1,0.1411479840258841
goal_spoof_midep,55,1,-3.0,0.0007078440977950609,49,1,3,0.12360417830184414
goal_spoof_midep,56,1,-5.0,0.0006591088063436669,48,2,5,0.18480940695341125
goal_spoof_midep,57,1,-2.0,0.0006255125606027401,48,2,2,0.15594645497086657
goal_spoof_midep,58,1,-3.0,0.0006033301443916348,47,3,3,0.20191636795831777
goal_spoof_midep,59,1,-3.0,0.0007358072953418153,48,2,3,0.17043263070612977
goal_spoof_midep,60,1,-3.0,0.0008273771913352747,49,1,3,0.1293270087739347
goal_spoof_midep,61,1,-4.0,0.0008419578808549993,49,1,4,0.128331114000638
goal_spoof_midep,62,1,-1.0,0.0008027933556901149,49,1,1,0.09504378375277799
goal_spoof_midep,63,1,-3.0,0.0007944254193863718,31,4,3,0.19016035775762072
goal_spoof_midep,64,1,-6.0,0.0008203154117270955,40,1,6,0.17051650068743415
goal_spoof_midep,65,1,-5.0,0.0006507937319743054,49,1,5,0.1556915217227775
goal_spoof_midep,66,1,-1.0,0.0009556779886443775,48,2,1,0.1408332783634081
goal_spoof_midep,67,1,-5.0,0.0007838992851554106,37,1,5,0.14397507461158027
goal_spoof_midep,68,1,-5.0,0.00202829045243932,49,1,5,0.1477444398732185
goal_spoof_midep,69,1,-5.0,0.015708189925611463,49,1,5,0.1664322669952642
goal_spoof_midep,70,1,-2.0,0.0007614777535163366,48,2,2,0.14448805236261889
goal_spoof_midep,71,1,-6.0,0.0006159899213058186,41,1,6,0.16717864364287494
goal_spoof_midep,72,1,-2.0,0.0007758928361400874,46,4,2,0.18542757417667663
goal_spoof_midep,73,1,-3.0,0.0040122390210311065,42,3,3,0.21266553940393093
goal_spoof_midep,74,1,-2.0,0.0008470153812143609,49,1,2,0.10866139338000631
goal_spoof_midep,75,1,0.0,0.0008071667268346193,33,1,0,0.09848508714496275
goal_spoof_midep,76,1,-1.0,0.0008660098238265896,33,1,1,0.08773735670376474
goal_spoof_midep,77,1,-5.0,0.0009635259826168797,49,1,5,0.15406312074304282
goal_spoof_midep,78,1,-6.0,0.0006356524143660551,41,1,6,0.17335040939075166
goal_spoof_midep,79,1,-2.0,0.0008530102996315159,47,3,2,0.1910272146905064
goal_spoof_midep,80,1,-2.0,0.0008206475773314002,49,1,2,0.09915075618999653
goal_spoof_midep,81,1,-2.0,0.014946503170746112,46,4,2,0.1859505936213617
goal_spoof_midep,82,1,-3.0,0.0007355504819477498,49,1,3,0.11872614380066632
goal_spoof_midep,83,1,-3.0,0.0006155834336665323,47,3,3,0.17058921129684695
goal_spoof_midep,84,1,-5.0,0.008594485020131722,49,1,5,0.1695037654010099
goal_spoof_midep,85,1,-1.0,0.0007555484754011336,35,2,1,0.13960981017538085
goal_spoof_midep,86,1,-1.0,0.000924545156421951,48,2,1,0.13248418613654614
goal_spoof_midep,87,1,0.0,0.0008620116499112639,49,1,0,0.04973863386721912
goal_spoof_midep,88,1,-3.0,0.034121127586417534,46,4,3,0.1917253647079095
goal_spoof_midep,89,1,-3.0,0.0007897159898910016,48,2,3,0.16808354895920544
goal_spoof_midep,90,1,-2.0,0.0006933783092178672,35,3,2,0.18414999887728528
goal_spoof_midep,91,1,-3.0,0.0006076083289009189,34,3,3,0.17850637987997015
goal_spoof_midep,92,1,-5.0,0.0006333349279370687,41,1,5,0.1612507753495839
goal_spoof_midep,93,1,-6.0,0.0006072492550671809,41,1,6,0.16545462249962453
goal_spoof_midep,94,1,-2.0,0.0007773098515033155,35,1,2,0.11800847316632491
goal_spoof_midep,95,1,-4.0,0.0008217905255132416,49,1,4,0.12789897988889717
goal_spoof_midep,96,1,-2.0,0.0009998690919500593,32,4,2,0.12985910963437627
goal_spoof_midep,97,1,-3.0,0.0009225339934858747,49,1,3,0.11834937223539041
goal_spoof_midep,98,1,-4.0,0.0006063068576404637,40,2,4,0.17151579363458844
goal_spoof_midep,99,1,-6.0,0.02247870413729952,49,1,6,0.183906801266832
action_delay,0,1,-9.0,0.0033983285197309396,49,1,9,0.2127168417986475
action_delay,1,1,-3.0,0.0007964654282084729,49,1,3,0.07705856516396482
action_delay,2,1,-9.0,0.03363327833464627,49,1,9,0.21970261797146862
action_delay,3,1,-8.0,0.015385784889729484,21,1,8,0.18931717901201853
action_delay,4,1,-6.0,0.0008776361061131996,49,1,6,0.14663232022946687
action_delay,5,1,-7.0,0.025891632263775406,49,1,7,0.15547349893199733
action_delay,6,1,-6.0,0.0008756793835135517,49,1,6,0.13150348333637543
action_delay,7,1,-7.0,0.015333778373545942,11,1,7,0.15720548236670098
action_delay,8,1,-7.0,0.027310132518280836,21,1,7,0.1611015920262743
action_delay,9,1,-6.0,0.0008271943979177449,49,1,6,0.1276351569794473
action_delay,10,1,-4.0,0.0007911077675867073,49,1,4,0.0878287410149235
action_delay,11,1,-7.0,0.000780916080857728,49,1,7,0.17512720543808066
action_delay,12,1,-3.0,0.000891007562843292,49,1,3,0.07166812335207509
action_delay,13,1,-2.0,0.0008235213021585074,49,1,2,0.06497799272607774
action_delay,14,1,-7.0,0.020837386535742287,12,1,7,0.14758728241901756
action_delay,15,1,-8.0,0.000674788852005107,49,1,8,0.18161389461737357
action_delay,16,1,-8.0,0.01699601895270048,49,1,8,0.1908088374939713
action_delay,17,1,-5.0,0.0008694501294255905,49,1,5,0.11681842206328344
action_delay,18,1,-8.0,0.01896815767903749,49,1,8,0.18026240261156895
action_delay,19,1,-7.0,0.007434416663023411,49,1,7,0.15515845574024886
action_delay,20,1,-3.0,0.02046459960321052,18,1,3,0.08310537166523342
action_delay,21,1,-7.0,0.0008981966110661807,49,1,7,0.16539514762640561
action_delay,22,1,-8.0,0.0048745093876509365,49,1,8,0.17881594246326799
action_delay,23,1,-6.0,0.0008378972170080681,49,1,6,0.13754713259184484
action_delay,24,1,-7.0,0.013126994718246446,16,1,7,0.15464262358037242
action_delay,25,1,-7.0,0.013600142697028927,16,1,7,0.15582720751111107
action_delay,26,1,-4.0,0.016606196534838063,13,1,4,0.08635288761511045
action_delay,27,1,-4.0,0.0008303901626037338,49,1,4,0.09817338970289746
action_delay,28,1,-8.0,0.012366921366300819,17,1,8,0.18677308695760747
action_delay,29,1,-9.0,0.030093213632490932,49,1,9,0.23946698692814478
action_delay,30,1,-9.0,0.000583644873385416,49,1,9,0.2271461649786331
action_delay,31,1,-8.0,0.0008616833650208241,49,1,8,0.2119756488614666
action_delay,32,1,-6.0,0.0007544057632365117,49,1,6,0.1258399580469583
action_delay,33,1,-7.0,0.000739820432242516,49,1,7,0.17108077210062403
action_delay,34,1,-6.0,0.002229046733804537,21,1,6,0.13112370242143678
action_delay,35,1,-7.0,0.0008813457010600988,49,1,7,0.15823912810999013
action_delay,36,1,-9.0,0.029699355794802366,49,1,9,0.21314003481264876
action_delay,37,1,-7.0,0.013170849274181877,14,1,7,0.15038136047121406
action_delay,38,1,-8.0,0.014673191580171906,49,1,8,0.21054393648542444
action_delay,39,1,-7.0,0.010123968924021759,14,1,7,0.14904958593978213
action_delay,40,1,-5.0,0.0008530015221452197,49,1,5,0.10764628615790996
action_delay,41,1,-8.0,0.000720884078258298,49,1,8,0.18167867374695248
action_delay,42,1,-2.0,0.0008681461882529962,49,1,2,0.07050400717587414
action_delay,43,1,-5.0,0.0007534382653236768,49,1,5,0.11397860787396834
action_delay,44,1,-5.0,0.0008358177185687495,49,1,5,0.10604078526167192
action_delay,45,1,-6.0,0.014935580856778308,20,1,6,0.144056136684255
action_delay,46,1,-7.0,0.0008512971171224548,49,1,7,0.15173602931994382
action_delay,47,1,-8.0,0.021514809932097832,49,1,8,0.1862895187849278
action_delay,48,1,-6.0,0.01988893936090465,11,1,6,0.14083853027582685
action_delay,49,1,-8.0,0.011156598210087357,49,1,8,0.19807083535644632
action_delay,50,1,-5.0,0.016834850317116186,19,1,5,0.10204791382239874
action_delay,51,1,-8.0,0.013271565350402782,13,1,8,0.20559035205754872
action_delay,52,1,-6.0,0.0009021031488126159,49,1,6,0.13852686535907868
action_delay,53,1,-7.0,0.0007917118728324672,49,1,7,0.16525871389287447
action_delay,54,1,-6.0,0.014130351463178556,19,1,6,0.1412834254564723
action_delay,55,1,-6.0,0.0007080173801201165,49,1,6,0.12360417830184414
action_delay,56,1,-8.0,0.0006668604781380575,49,1,8,0.18480940695341125
action_delay,57,1,-7.0,0.0006423749880116658,49,1,7,0.15598666990747218
action_delay,58,1,-8.0,0.021867443889267417,16,1,8,0.20196505309449228
action_delay,59,1,-7.0,0.0007368398791030173,49,1,7,0.17043263070612977
action_delay,60,1,-6.0,0.0008262415822499346,49,1,6,0.1293270087739347
action_delay,61,1,-6.0,0.0008425474335522761,49,1,6,0.12835903236076948
action_delay,62,1,-4.0,0.0008055089288729624,49,1,4,0.09505346041773513
action_delay,63,1,-8.0,0.013957390963308471,12,1,8,0.19028597974351252
action_delay,64,1,-7.0,0.016089548914049137,13,1,7,0.17059413473269666
action_delay,65,1,-7.0,0.0006540005667612845,49,1,7,0.1556915217227775
action_delay,66,1,-6.0,0.0009431105316330057,49,1,6,0.1408332783634081
action_delay,67,1,-6.0,0.01842878435065434,15,1,6,0.1441317767509377
action_delay,68,1,-7.0,0.0020371807582805963,49,1,7,0.14784227888077017
action_delay,69,1,-7.0,0.0157390050456017,49,1,7,0.1664322669952642
action_delay,70,1,-6.0,0.000762832715654969,49,1,6,0.14448805236261889
action_delay,71,1,-7.0,0.015196751036380105,14,1,7,0.167289355291972
action_delay,72,1,-8.0,0.0007752398669169897,49,1,8,0.18542757417667663
action_delay,73,1,-9.0,0.014230733252294611,21,1,9,0.21276287797048787
action_delay,74,1,-5.0,0.0008451133268527067,49,1,5,0.10866139338000631
action_delay,75,1,-4.0,0.019443778000091626,16,1,4,0.0985823244873188
action_delay,76,1,-4.0,0.01683863737852983,14,1,4,0.08790393244262176
action_delay,77,1,-7.0,0.0009566344299425595,49,1,7,0.15406312074304282
action_delay,78,1,-7.0,0.015081333158112923,14,1,7,0.173481010250332
action_delay,79,1,-8.0,0.000858432498586734,49,1,8,0.19111427035334613
action_delay,80,1,-4.0,0.000822470389841616,49,1,4,0.099203109639071
action_delay,81,1,-8.0,0.014991249279659,49,1,8,0.1859505936213617
action_delay,82,1,-5.0,0.0007350733900853322,49,1,5,0.11872614380066632
action_delay,83,1,-7.0,0.0006360261152176911,49,1,7,0.17058921129684695
action_delay,84,1,-7.0,0.00859845677035641,49,1,7,0.1695037654010099
action_delay,85,1,-6.0,0.01522611970489743,13,1,6,0.13970812430927698
action_delay,86,1,-6.0,0.0009113107683319442,49,1,6,0.13248418613654614
action_delay,87,1,0.0,0.0008590641327417259,49,1,0,0.04979541261233282
action_delay,88,1,-8.0,0.03428466169495675,49,1,8,0.1917253647079095
action_delay,89,1,-7.0,0.0007898042361312366,49,1,7,0.16808354895920544
action_delay,90,1,-8.0,0.0006772428590968165,49,1,8,0.1842739431894841
action_delay,91,1,-8.0,0.011468128244947424,15,1,8,0.17862966826828344
action_delay,92,1,-7.0,0.021503251791700963,19,1,7,0.16131311692514788
action_delay,93,1,-7.0,0.015467309339804686,13,1,7,0.16555050338364122
action_delay,94,1,-5.0,0.017230529020799752,12,1,5,0.11811228672099527
action_delay,95,1,-6.0,0.0008207200630213014,49,1,6,0.12789897988889717
action_delay,96,1,-6.0,0.0009020647193789055,49,1,6,0.12985910963437627
action_delay,97,1,-5.0,0.0009154734655537492,49,1,5,0.11834937223539041
action_delay,98,1,-7.0,0.01488405513977965,14,1,7,0.17159593022416925
action_delay,99,1,-8.0,0.022515727713457237,49,1,8,0.183906801266832
action_reverse,0,1,-17.0,0.0035656287836354165,45,5,17,0.4373126400546092
action_reverse,1,1,-15.0,0.0008478668159318905,45,5,15,0.3138494629433189
action_reverse,2,1,-19.0,0.03397068349375555,45,5,19,0.4937958754226847
action_reverse,3,1,-29.0,0.03665802223181541,37,5,17,0.4169593250633458
action_reverse,4,1,-16.0,0.0008919145019866873,45,5,16,0.3721935983768734
action_reverse,5,1,-17.0,0.02614101280309967,45,5,17,0.39667061517140906
action_reverse,6,1,-16.0,0.0008916111553223588,45,5,16,0.3536573717862777
action_reverse,7,0,-25.0,0.051597937682470306,37,5,15,0.3314129061844973
action_reverse,8,1,-23.0,0.0032916722083346263,41,5,16,0.38068779201346187
action_reverse,9,1,-16.0,0.0007865323528483241,45,5,16,0.3848322416365104
action_reverse,10,1,-15.0,0.0007630120146675028,45,5,15,0.3396078031238493
action_reverse,11,1,-16.0,0.0008230826886276813,45,5,16,0.3822128293976091
action_reverse,12,1,-15.0,0.0008147332933837487,45,5,15,0.3385940131945978
action_reverse,13,1,-15.0,0.0007904350043679382,45,5,15,0.32891140568547683
action_reverse,14,1,-22.0,0.010563088542331603,39,5,16,0.3763397977547924
action_reverse,15,1,-16.0,0.0007213641091682436,45,5,16,0.4081143801964247
action_reverse,16,1,-17.0,0.017246679841499593,45,5,17,0.4644904858726274
action_reverse,17,1,-16.0,0.0008657740309010943,45,5,16,0.34022738303278094
action_reverse,18,1,-17.0,0.01920066009639963,45,5,17,0.4535766836137484
action_reverse,19,1,-17.0,0.007597670737142957,45,5,17,0.41931624672738277
action_reverse,20,1,-26.0,0.02625530314347158,37,5,14,0.30014603441726606
action_reverse,21,1,-17.0,0.0008722077869770725,45,5,17,0.38958205122470113
action_reverse,22,1,-16.0,0.0052430783810889035,45,5,16,0.3947885094614467
action_reverse,23,1,-16.0,0.0008545535093816159,45,5,16,0.3627703262828771
action_reverse,24,1,-16.0,0.0008502032794939841,45,5,16,0.3527591672693133
action_reverse,25,1,-23.0,0.012577605133148108,39,5,16,0.3454205819830719
action_reverse,26,1,-5.0,0.00069869667058958,45,1,5,0.11888910773434073
action_reverse,27,1,-15.0,0.0008535046633114836,45,5,15,0.31924726928144415
action_reverse,28,1,-29.0,0.03490767278979508,37,5,17,0.41465231467651154
action_reverse,29,1,-18.0,0.03043381573006004,45,5,18,0.5158976801874136
action_reverse,30,1,-17.0,0.000808506281125954,45,5,17,0.4487878854985455
action_reverse,31,1,-17.0,0.0008940884176268831,45,5,17,0.43869104747294646
action_reverse,32,1,-16.0,0.000734383905637993,45,5,16,0.35388927874507126
action_reverse,33,1,-17.0,0.0007321042097147936,45,5,17,0.4421363307574953
action_reverse,34,1,-20.0,0.021486146544729908,38,2,9,0.19347344990496068
action_reverse,35,1,-16.0,0.0008951750613773778,45,5,16,0.3781279251895491
action_reverse,36,1,-18.0,0.03007001484661393,45,5,18,0.4831937622727545
action_reverse,37,0,-23.0,0.05614470803771665,38,5,16,0.351262418629587
action_reverse,38,1,-18.0,0.014957475968839692,45,5,18,0.4850025423314935
action_reverse,39,1,-21.0,0.001976858429221109,41,5,15,0.32029327595212864
action_reverse,40,1,-16.0,0.0008086322274170549,45,5,16,0.3604088498110594
action_reverse,41,1,-17.0,0.0007212172048990574,45,5,17,0.4567205134220012
action_reverse,42,1,-5.0,0.0008669664540888808,49,1,5,0.10993956022210219
action_reverse,43,1,-16.0,0.0007349434711519696,45,5,16,0.3726709602914491
action_reverse,44,1,-15.0,0.000855992143890757,45,5,15,0.32710707740639433
action_reverse,45,1,-22.0,0.0018785941161753644,41,5,16,0.36705199621916856
action_reverse,46,1,-16.0,0.0008055488129292835,45,5,16,0.4059681878183607
action_reverse,47,1,-17.0,0.021733851616635925,45,5,17,0.4475353861069587
action_reverse,48,1,-28.0,0.03558600085021501,37,5,15,0.317371971479686
action_reverse,49,1,-18.0,0.011423787423396252,45,5,18,0.45894345244833407
action_reverse,50,1,-27.0,0.029711752550458236,37,5,15,0.3279900879927054
action_reverse,51,0,-28.0,0.05748096454233745,37,5,17,0.4340073840548847
action_reverse,52,1,-16.0,0.0008468441509866473,45,5,16,0.3586394497463504
action_reverse,53,1,-16.0,0.0008238851116071961,45,5,16,0.3730469992051539
action_reverse,54,1,-22.0,0.0020295950493333485,41,5,16,0.35676676455724987
action_reverse,55,1,-16.0,0.0007062875326348916,45,5,16,0.36186774399837524
action_reverse,56,1,-17.0,0.0007649414821754522,45,5,17,0.4502839098566213
action_reverse,57,1,-23.0,0.003016263855636551,41,5,16,0.3838525882920224
action_reverse,58,1,-24.0,0.0038404911504954305,41,5,17,0.42973450724543705
action_reverse,59,1,-17.0,0.0007266372501650343,45,5,17,0.4450839708725461
action_reverse,60,1,-16.0,0.0007888197033914193,45,5,16,0.39988535015947874
action_reverse,61,1,-16.0,0.0008608892687722963,45,5,16,0.3481009393800954
action_reverse,62,1,-6.0,0.000807880374007325,49,1,6,0.13035854042740663
action_reverse,63,1,-26.0,0.04105291432607029,37,5,16,0.38615183784574764
action_reverse,64,1,-28.0,0.04488132801875728,37,5,16,0.37981046170180754
action_reverse,65,1,-17.0,0.0007122269746340904,45,5,17,0.40819934230363114
action_reverse,66,1,-17.0,0.0008558143904093679,45,5,17,0.4128726430844287
action_reverse,67,1,-20.0,0.0016749654147669739,41,5,15,0.3128499962490541
action_reverse,68,1,-16.0,0.002046196664936703,45,5,16,0.34748605335131244
action_reverse,69,1,-17.0,0.015981544660021878,45,5,17,0.4241446117938515
action_reverse,70,1,-16.0,0.0007497273799543144,45,5,16,0.4055394057413853
action_reverse,71,0,-23.0,0.0588083079352497,38,5,16,0.362744879180146
action_reverse,72,1,-17.0,0.000752649883611679,45,5,17,0.4595234552049387
action_reverse,73,1,-23.0,0.005886554545165424,41,5,17,0.4386690802828159
action_reverse,74,1,-15.0,0.0008015440751615775,45,5,15,0.3357349989883072
action_reverse,75,1,-26.0,0.02863894783011219,37,5,15,0.3242291631947358
action_reverse,76,1,-12.0,0.01400723895531115,43,1,6,0.12150446544820478
action_reverse,77,1,-17.0,0.0008652049123847033,45,5,17,0.4152353835092109
action_reverse,78,1,-22.0,0.002777774412933312,41,5,16,0.3700811061327718
action_reverse,79,1,-17.0,0.000886248368558912,45,5,17,0.4175170057056278
action_reverse,80,1,-15.0,0.0008431233066080626,45,5,15,0.3100841506328847
action_reverse,81,1,-17.0,0.01518045920556565,45,5,17,0.4505218371181293
action_reverse,82,1,-16.0,0.0007225113674046071,45,5,16,0.37874234822638575
action_reverse,83,1,-17.0,0.000874581114368621,45,5,17,0.4089158744868884
action_reverse,84,1,-17.0,0.008762188628340906,45,5,17,0.43077230261437727
action_reverse,85,1,-22.0,0.0018533062688991131,41,5,16,0.3607435793076715
action_reverse,86,1,-16.0,0.000832124898464489,45,5,16,0.40496474331605226
action_reverse,87,1,-14.0,0.0008640740663004541,45,5,14,0.2746735362423713
action_reverse,88,1,-17.0,0.034619753448624085,45,5,17,0.4435601956153166
action_reverse,89,1,-17.0,0.0007619830732595825,45,5,17,0.4424839223489181
action_reverse,90,1,-16.0,0.0007647501032234059,45,5,16,0.38102028060204557
action_reverse,91,1,-21.0,0.0027672561373425766,41,5,16,0.3600964104901038
action_reverse,92,0,-28.0,0.07416240831253183,37,5,16,0.36141512177685114
action_reverse,93,0,-26.0,0.07975111773534463,37,5,16,0.3621518012600142
action_reverse,94,1,-26.0,0.03323737670174224,37,5,15,0.34300517973111466
action_reverse,95,1,-16.0,0.0007962383397789439,45,5,16,0.37211718284700857
action_reverse,96,1,-16.0,0.0008386542583483973,45,5,16,0.32830090352959423
action_reverse,97,1,-16.0,0.0008244161160870848,45,5,16,0.3697670004251667
action_reverse,98,0,-24.0,0.11117283425923477,37,5,16,0.394237919956131
action_reverse,99,1,-17.0,0.022782202321405924,45,5,17,0.44204420916013
action_clipping,0,1,-10.0,0.012878639838604931,0,-1,10,0.2126081706012402
action_clipping,1,1,-2.0,0.024050570937726647,2,10,2,0.07703805445128271
action_clipping,2,1,-10.0,0.035162215589236295,9,21,10,0.21970261797146862
action_clipping,3,1,-9.0,0.015006336443045611,1,43,9,0.18926669847066732
action_clipping,4,1,-7.0,0.023134699369037615,2,14,7,0.14660650620344126
action_clipping,5,1,-9.0,0.025919951760048115,12,16,9,0.15547349893199733
action_clipping,6,1,-6.0,0.018906590769364014,2,15,6,0.13143243039550298
action_clipping,7,1,-10.0,0.012647900008531228,3,36,10,0.15705194785710522
action_clipping,8,1,-9.0,0.019932505867281677,1,26,9,0.1610713214636968
action_clipping,9,1,-6.0,0.007676876910169929,7,18,6,0.1276351569794473
action_clipping,10,1,-2.0,0.023454244022645412,1,38,2,0.0878287410149235
action_clipping,11,1,-9.0,0.012367669791264543,3,37,9,0.1750036780182428
action_clipping,12,1,-1.0,0.026819945450390896,2,9,1,0.07166812335207509
action_clipping,13,1,0.0,0.02608508569802575,3,8,0,0.06497799272607774
action_clipping,14,1,-7.0,0.016924964090942973,1,38,7,0.1475597556340611
action_clipping,15,1,-8.0,0.01585517518019872,2,21,8,0.18152304154785553
action_clipping,16,1,-8.0,0.019434168420380284,10,16,8,0.1908088374939713
action_clipping,17,1,-5.0,0.025572303148432445,1,34,5,0.11681842206328344
action_clipping,18,1,-8.0,0.019179083407589833,0,-1,8,0.18026240261156895
action_clipping,19,1,-7.0,0.00841424799774677,0,-1,7,0.15515845574024886
action_clipping,20,1,-2.0,0.016826798720340964,5,27,2,0.08300719139837222
action_clipping,21,1,-8.0,0.023958162844470405,1,35,8,0.16539514762640561
action_clipping,22,1,-9.0,0.013099985239408935,0,-1,9,0.17868521857959974
action_clipping,23,1,-8.0,0.025574236413141466,1,41,8,0.1375451110013178
action_clipping,24,1,-10.0,0.012385835150129532,1,36,10,0.1544807513000469
action_clipping,25,1,-8.0,0.014237593044692767,1,24,8,0.15576040285586337
action_clipping,26,1,-3.0,0.012565857367100598,5,29,3,0.08618790433416589
action_clipping,27,1,-3.0,0.016811224263895478,6,11,3,0.09806183656829275
action_clipping,28,1,-9.0,0.014287658176720851,1,47,9,0.18672429864373966
action_clipping,29,1,-11.0,0.03149233916391285,10,20,11,0.23946698692814478
action_clipping,30,1,-10.0,0.009183219310116087,7,19,10,0.2270549002769782
action_clipping,31,1,-9.0,0.013894990942449694,2,18,9,0.2118754100520053
action_clipping,32,1,-5.0,0.026056790520589457,2,13,5,0.1258399580469583
action_clipping,33,1,-8.0,0.02969943895628281,2,16,8,0.17108077210062403
action_clipping,34,1,-8.0,0.011447808312212739,4,34,8,0.1309616199386691
action_clipping,35,1,-9.0,0.019825450374430176,1,33,9,0.15818758421212362
action_clipping,36,1,-10.0,0.030817114753628316,0,-1,10,0.21314003481264876
action_clipping,37,1,-8.0,0.0122828349611257,3,35,8,0.15024861447617377
action_clipping,38,1,-9.0,0.0171809870880013,2,45,9,0.21054393648542444
action_clipping,39,1,-9.0,0.013403241682728174,1,34,9,0.14888824610279877
action_clipping,40,1,-4.0,0.028251176668196546,2,12,4,0.10764628615790996
action_clipping,41,1,-8.0,0.007721248451488103,0,-1,8,0.18167867374695248
action_clipping,42,1,-1.0,0.02215504663582729,2,10,1,0.0704495748004755
action_clipping,43,1,-4.0,0.02318534198079771,1,38,4,0.11397860787396834
action_clipping,44,1,-4.0,0.020676852621346806,1,33,4,0.1059772325986583
action_clipping,45,1,-9.0,0.020136178507015972,0,-1,9,0.14405498924709897
action_clipping,46,1,-7.0,0.013634469705659551,7,17,7,0.15173602931994382
action_clipping,47,1,-9.0,0.023828191893284643,10,17,9,0.1862895187849278
action_clipping,48,1,-6.0,0.012986408008653,3,36,6,0.14073427199783714
action_clipping,49,1,-10.0,0.010350883814471915,0,-1,10,0.19807083535644632
action_clipping,50,1,-3.0,0.01612456484844256,4,31,3,0.10195682543909834
action_clipping,51,1,-9.0,0.013749391259419498,5,27,9,0.20551350357589276
action_clipping,52,1,-8.0,0.024241963594051234,2,17,8,0.13852686535907868
action_clipping,53,1,-9.0,0.016058117584360748,2,18,9,0.16517563550290348
action_clipping,54,1,-6.0,0.015256426223471101,4,31,6,0.1411479840258841
action_clipping,55,1,-6.0,0.020639093053737474,1,40,6,0.12360417830184414
action_clipping,56,1,-10.0,0.021390408539264237,1,45,10,0.18480940695341125
action_clipping,57,1,-7.0,0.018323084965242504,1,47,7,0.15594645497086657
action_clipping,58,1,-10.0,0.015339067493604629,1,18,10,0.20191636795831777
action_clipping,59,1,-7.0,0.01095961674758284,0,-1,7,0.17043263070612977
action_clipping,60,1,-5.0,0.01801647475604493,1,34,5,0.1293270087739347
action_clipping,61,1,-7.0,0.02395227749867006,1,44,7,0.128331114000638
action_clipping,62,1,-4.0,0.022652006090074672,1,31,4,0.09504378375277799
action_clipping,63,1,-10.0,0.01336053430028024,3,35,10,0.19016035775762072
action_clipping,64,1,-9.0,0.01567706847786491,4,33,9,0.17051650068743415
action_clipping,65,1,-9.0,0.020764566466548985,1,26,9,0.1556915217227775
action_clipping,66,1,-5.0,0.024249426551138757,2,26,5,0.1408332783634081
action_clipping,67,1,-9.0,0.012728622684685824,3,35,9,0.14397507461158027
action_clipping,68,1,-8.0,0.014473104970684558,4,34,8,0.1477444398732185
action_clipping,69,1,-8.0,0.015421293191691757,12,16,8,0.1664322669952642
action_clipping,70,1,-7.0,0.022680887206884062,1,33,7,0.14448805236261889
action_clipping,71,1,-8.0,0.011844303459072504,6,22,8,0.16717864364287494
action_clipping,72,1,-8.0,0.011671095011529067,7,17,8,0.18542757417667663
action_clipping,73,1,-9.0,0.016145845504450147,0,-1,9,0.21266553940393093
action_clipping,74,1,-5.0,0.016013783440835247,1,34,5,0.10866139338000631
action_clipping,75,1,-2.0,0.015886520553500635,4,30,2,0.09848508714496275
action_clipping,76,1,-3.0,0.01271133561650199,5,29,3,0.08773735670376474
action_clipping,77,1,-7.0,0.025751729587825876,3,28,7,0.15406312074304282
action_clipping,78,1,-9.0,0.011493820247741737,3,38,9,0.17335040939075166
action_clipping,79,1,-9.0,0.015632942782415258,2,18,9,0.1910272146905064
action_clipping,80,1,-4.0,0.0215377518261461,2,13,4,0.09915075618999653
action_clipping,81,1,-9.0,0.01735818731316459,2,43,9,0.1859505936213617
action_clipping,82,1,-5.0,0.022626909659653652,1,35,5,0.11872614380066632
action_clipping,83,1,-10.0,0.019617513464418194,1,28,10,0.17058921129684695
action_clipping,84,1,-8.0,0.012939204156367422,6,16,8,0.1695037654010099
action_clipping,85,1,-5.0,0.01172900054287863,8,14,5,0.13960981017538085
action_clipping,86,1,-5.0,0.026529536716815124,2,13,5,0.13248418613654614
action_clipping,87,1,0.0,0.02140108958117983,6,13,0,0.04973863386721912
action_clipping,88,1,-10.0,0.03414780675718288,12,16,10,0.1917253647079095
action_clipping,89,1,-7.0,0.014216631291949814,7,15,7,0.16808354895920544
action_clipping,90,1,-9.0,0.011497078687505255,3,37,9,0.18414999887728528
action_clipping,91,1,-9.0,0.011816536088887553,6,22,9,0.17850637987997015
action_clipping,92,1,-9.0,0.014190580907681785,1,26,9,0.1612507753495839
action_clipping,93,1,-8.0,0.011805226501334877,6,23,8,0.16545462249962453
action_clipping,94,1,-4.0,0.014516793100130503,4,31,4,0.11800847316632491
action_clipping,95,1,-7.0,0.02515106254419648,1,32,7,0.12789897988889717
action_clipping,96,1,-8.0,0.025046232523098996,0,-1,8,0.12985910963437627
action_clipping,97,1,-6.0,0.005718328600573157,7,18,6,0.11834937223539041
action_clipping,98,1,-8.0,0.012499888121374871,1,45,8,0.17151579363458844
action_clipping,99,1,-9.0,0.023451227830706328,11,16,9,0.183906801266832
