method,condition,seed,attack_level,total_reward,success,final_distance,episode_length,action_smoothness,action_magnitude,safety_violation,recovery_used,episode_idx
random,action_delay,0,0.0,-50.0,0.0,0.15326543860079836,50,0.0,0.0,0.0,0.0,0
random_recovery,action_delay,0,0.0,-50.0,0.0,0.15326543860079836,50,0.0,0.0,0.0,0.0,0
random,action_delay,0,0.0,-50.0,0.0,0.16801074336107993,50,0.0,0.0,0.0,0.0,1
random_recovery,action_delay,0,0.0,-50.0,0.0,0.16801074336107993,50,0.0,0.0,0.0,0.0,1
random,action_delay,0,0.0,-50.0,0.0,0.1383211673588929,50,0.0,0.0,0.0,0.0,2
random_recovery,action_delay,0,0.0,-13.0,1.0,0.00441216843853189,50,0.06320709735155106,0.3097407817840576,0.0,1.0,2
random,action_delay,0,0.0,-50.0,0.0,0.17710007955540227,50,0.0,0.0,0.0,0.0,3
random_recovery,action_delay,0,0.0,-16.0,1.0,0.005134249357466924,50,0.07868719846010208,0.3861003816127777,0.0,1.0,3
random,action_delay,0,0.0,-50.0,0.0,0.19977532539988369,50,0.0,0.0,0.0,0.0,4
random_recovery,action_delay,0,0.0,-17.0,1.0,0.003582799970906743,50,0.0848567932844162,0.4158882796764374,0.0,1.0,4
random,action_delay,0,0.0,-50.0,0.0,0.12996253277531,50,0.0,0.0,0.0,0.0,5
random_recovery,action_delay,0,0.0,-50.0,0.0,0.11007849728497382,50,0.013261420652270317,0.012996192090213299,0.0,1.0,5
random,action_delay,0,0.0,-50.0,0.0,0.058050330961012135,50,0.0,0.0,0.0,0.0,6
random_recovery,action_delay,0,0.0,-50.0,0.0,0.058050330961012135,50,0.0,0.0,0.0,0.0,6
random,action_delay,0,0.0,-50.0,0.0,0.15357189702501559,50,0.0,0.0,0.0,0.0,7
random_recovery,action_delay,0,0.0,-16.0,1.0,0.004828060562561178,50,0.07188163697719574,0.3522447645664215,0.0,1.0,7
random,action_delay,0,0.0,-50.0,0.0,0.16246990561941158,50,0.0,0.0,0.0,0.0,8
random_recovery,action_delay,0,0.0,-50.0,0.0,0.16246990561941158,50,0.0,0.0,0.0,0.0,8
random,action_delay,0,0.0,-50.0,0.0,0.1329848890006077,50,0.0,0.0,0.0,0.0,9
random_recovery,action_delay,0,0.0,-12.0,1.0,0.0032595152967165824,50,0.059248972684144974,0.2903858721256256,0.0,1.0,9
random,action_reverse,0,0.0,-50.0,0.0,0.2261598287664426,50,1.7470694780349731,1.2017436027526855,1.0,0.0,0
random_recovery,action_reverse,0,0.0,-8.0,1.0,0.023512329730626735,50,0.10246290266513824,0.2237006574869156,0.0,1.0,0
random,action_reverse,0,0.0,-50.0,0.0,0.3614820570929926,50,1.4332915544509888,1.0482271909713745,1.0,0.0,1
random_recovery,action_reverse,0,0.0,-7.0,1.0,0.000872228165578187,50,0.044236913323402405,0.12269371747970581,0.0,1.0,1
random,action_reverse,0,0.0,-50.0,0.0,0.15788642835999656,50,1.7195196151733398,1.1821246147155762,1.0,0.0,2
random_recovery,action_reverse,0,0.0,-5.0,1.0,0.006034091103660727,50,0.07303792983293533,0.1234157532453537,0.0,1.0,2
random,action_reverse,0,0.0,-44.0,1.0,0.07755862140784074,50,1.5599135160446167,1.0957762002944946,1.0,0.0,3
random_recovery,action_reverse,0,0.0,-6.0,1.0,0.0026057337697539427,50,0.028873048722743988,0.11587528884410858,0.0,1.0,3
random,action_reverse,0,0.0,-50.0,0.0,0.1635223135656877,50,1.444069743156433,1.0689963102340698,1.0,0.0,4
random_recovery,action_reverse,0,0.0,-9.0,1.0,0.0009686455439316463,50,0.08097970485687256,0.17472989857196808,0.0,1.0,4
random,action_reverse,0,0.0,-50.0,0.0,0.2796132551112742,50,1.5102766752243042,1.1864969730377197,1.0,0.0,5
random_recovery,action_reverse,0,0.0,-7.0,1.0,0.000758218889832896,50,0.08220869302749634,0.14849740266799927,1.0,1.0,5
random,action_reverse,0,0.0,-49.0,1.0,0.31441559743196057,50,1.6232664585113525,1.1071326732635498,1.0,0.0,6
random_recovery,action_reverse,0,0.0,-4.0,1.0,0.0008455817886150979,50,0.04992678761482239,0.08114413172006607,0.0,1.0,6
random,action_reverse,0,0.0,-50.0,0.0,0.17382830059666554,50,1.5487513542175293,1.1250091791152954,1.0,0.0,7
random_recovery,action_reverse,0,0.0,-7.0,1.0,0.0007489802179868247,50,0.05500512197613716,0.13051384687423706,0.0,1.0,7
random,action_reverse,0,0.0,-50.0,0.0,0.1999773616812669,50,1.4824044704437256,1.1193451881408691,1.0,0.0,8
random_recovery,action_reverse,0,0.0,-7.0,1.0,0.0008912143203258583,50,0.06257137656211853,0.1342003345489502,0.0,1.0,8
random,action_reverse,0,0.0,-50.0,0.0,0.22675562597293167,50,1.4758561849594116,1.0869897603988647,1.0,0.0,9
random_recovery,action_reverse,0,0.0,-6.0,1.0,0.0007979994990219035,50,0.05747747793793678,0.11754060536623001,0.0,1.0,9
rule_based,action_delay,0,0.0,-50.0,0.0,0.15326543860079836,50,0.0,0.0,0.0,0.0,0
rule_based_recovery,action_delay,0,0.0,-50.0,0.0,0.15326543860079836,50,0.0,0.0,0.0,0.0,0
rule_based,action_delay,0,0.0,-50.0,0.0,0.16801074336107993,50,0.0,0.0,0.0,0.0,1
rule_based_recovery,action_delay,0,0.0,-50.0,0.0,0.16801074336107993,50,0.0,0.0,0.0,0.0,1
rule_based,action_delay,0,0.0,-50.0,0.0,0.1383211673588929,50,0.0,0.0,0.0,0.0,2
rule_based_recovery,action_delay,0,0.0,-13.0,1.0,0.00441216843853189,50,0.06320709735155106,0.3097407817840576,0.0,1.0,2
rule_based,action_delay,0,0.0,-50.0,0.0,0.17710007955540227,50,0.0,0.0,0.0,0.0,3
rule_based_recovery,action_delay,0,0.0,-16.0,1.0,0.005134249357466924,50,0.07868719846010208,0.3861003816127777,0.0,1.0,3
rule_based,action_delay,0,0.0,-50.0,0.0,0.19977532539988369,50,0.0,0.0,0.0,0.0,4
rule_based_recovery,action_delay,0,0.0,-17.0,1.0,0.003582799970906743,50,0.0848567932844162,0.4158882796764374,0.0,1.0,4
rule_based,action_delay,0,0.0,-50.0,0.0,0.12996253277531,50,0.0,0.0,0.0,0.0,5
rule_based_recovery,action_delay,0,0.0,-50.0,0.0,0.11007849728497382,50,0.013261420652270317,0.012996192090213299,0.0,1.0,5
rule_based,action_delay,0,0.0,-50.0,0.0,0.058050330961012135,50,0.0,0.0,0.0,0.0,6
rule_based_recovery,action_delay,0,0.0,-50.0,0.0,0.058050330961012135,50,0.0,0.0,0.0,0.0,6
rule_based,action_delay,0,0.0,-50.0,0.0,0.15357189702501559,50,0.0,0.0,0.0,0.0,7
rule_based_recovery,action_delay,0,0.0,-16.0,1.0,0.004828060562561178,50,0.07188163697719574,0.3522447645664215,0.0,1.0,7
rule_based,action_delay,0,0.0,-50.0,0.0,0.16246990561941158,50,0.0,0.0,0.0,0.0,8
rule_based_recovery,action_delay,0,0.0,-50.0,0.0,0.16246990561941158,50,0.0,0.0,0.0,0.0,8
rule_based,action_delay,0,0.0,-50.0,0.0,0.1329848890006077,50,0.0,0.0,0.0,0.0,9
rule_based_recovery,action_delay,0,0.0,-12.0,1.0,0.0032595152967165824,50,0.059248972684144974,0.2903858721256256,0.0,1.0,9
rule_based,action_reverse,0,0.0,-50.0,0.0,1.506174109107723,50,0.02710726484656334,1.6372742652893066,1.0,0.0,0
rule_based_recovery,action_reverse,0,0.0,-38.0,1.0,0.07402212390226895,50,0.21082977950572968,0.46554550528526306,0.0,1.0,0
rule_based,action_reverse,0,0.0,-50.0,0.0,1.6156827276393133,50,0.03212449327111244,1.5863850116729736,1.0,0.0,1
rule_based_recovery,action_reverse,0,0.0,-37.0,1.0,0.05825588747451051,50,0.21697832643985748,0.486989825963974,0.0,1.0,1
rule_based,action_reverse,0,0.0,-50.0,0.0,0.7700933811731898,50,0.025424664840102196,1.6297633647918701,1.0,0.0,2
rule_based_recovery,action_reverse,0,0.0,-39.0,1.0,0.06664934710452372,50,0.2279253602027893,0.4347173571586609,0.0,1.0,2
rule_based,action_reverse,0,0.0,-50.0,0.0,0.7962299526476647,50,0.020255740731954575,1.6729533672332764,1.0,0.0,3
rule_based_recovery,action_reverse,0,0.0,-39.0,1.0,0.06164213735802596,50,0.23195703327655792,0.5001625418663025,1.0,1.0,3
rule_based,action_reverse,0,0.0,-50.0,0.0,1.0065704642816515,50,0.029051290825009346,1.4661839008331299,1.0,0.0,4
rule_based_recovery,action_reverse,0,0.0,-39.0,1.0,0.06638231899130276,50,0.21462810039520264,0.5044851303100586,0.0,1.0,4
rule_based,action_reverse,0,0.0,-50.0,0.0,1.4066605063034603,50,0.0348818376660347,1.547898530960083,1.0,0.0,5
rule_based_recovery,action_reverse,0,0.0,-36.0,1.0,0.06345657528558815,50,0.2216450273990631,0.4231691062450409,0.0,1.0,5
rule_based,action_reverse,0,0.0,-50.0,0.0,1.4039338646121846,50,0.03833409398794174,1.4795489311218262,1.0,0.0,6
rule_based_recovery,action_reverse,0,0.0,-37.0,1.0,0.054591382904113625,50,0.19062429666519165,0.3152267336845398,0.0,1.0,6
rule_based,action_reverse,0,0.0,-50.0,0.0,1.3751611398454846,50,0.028065092861652374,1.6121771335601807,1.0,0.0,7
rule_based_recovery,action_reverse,0,0.0,-38.0,1.0,0.07475213273540332,50,0.21699859201908112,0.4601101577281952,0.0,1.0,7
rule_based,action_reverse,0,0.0,-50.0,0.0,1.0948884121934601,50,0.02505148947238922,1.6377314329147339,1.0,0.0,8
rule_based_recovery,action_reverse,0,0.0,-41.0,1.0,0.08120161800466819,50,0.21224884688854218,0.47514060139656067,0.0,1.0,8
rule_based,action_reverse,0,0.0,-50.0,0.0,1.2467237596080005,50,0.030557360500097275,1.6106841564178467,1.0,0.0,9
rule_based_recovery,action_reverse,0,0.0,-37.0,1.0,0.06705394361596742,50,0.21942439675331116,0.4279657006263733,0.0,1.0,9
sac_her,action_delay,0,0.0,-50.0,0.0,0.15326543860079836,50,0.0,0.0,0.0,0.0,0
sac_her_recovery,action_delay,0,0.0,-50.0,0.0,0.15326543860079836,50,0.0,0.0,0.0,0.0,0
sac_her,action_delay,0,0.0,-50.0,0.0,0.16801074336107993,50,0.0,0.0,0.0,0.0,1
sac_her_recovery,action_delay,0,0.0,-50.0,0.0,0.16801074336107993,50,0.0,0.0,0.0,0.0,1
sac_her,action_delay,0,0.0,-50.0,0.0,0.1383211673588929,50,0.0,0.0,0.0,0.0,2
sac_her_recovery,action_delay,0,0.0,-13.0,1.0,0.00441216843853189,50,0.06320709735155106,0.3097407817840576,0.0,1.0,2
sac_her,action_delay,0,0.0,-50.0,0.0,0.17710007955540227,50,0.0,0.0,0.0,0.0,3
sac_her_recovery,action_delay,0,0.0,-16.0,1.0,0.005134249357466924,50,0.07868719846010208,0.3861003816127777,0.0,1.0,3
sac_her,action_delay,0,0.0,-50.0,0.0,0.19977532539988369,50,0.0,0.0,0.0,0.0,4
sac_her_recovery,action_delay,0,0.0,-17.0,1.0,0.003582799970906743,50,0.0848567932844162,0.4158882796764374,0.0,1.0,4
sac_her,action_delay,0,0.0,-50.0,0.0,0.12996253277531,50,0.0,0.0,0.0,0.0,5
sac_her_recovery,action_delay,0,0.0,-50.0,0.0,0.11007849728497382,50,0.013261420652270317,0.012996192090213299,0.0,1.0,5
sac_her,action_delay,0,0.0,-50.0,0.0,0.058050330961012135,50,0.0,0.0,0.0,0.0,6
sac_her_recovery,action_delay,0,0.0,-50.0,0.0,0.058050330961012135,50,0.0,0.0,0.0,0.0,6
sac_her,action_delay,0,0.0,-50.0,0.0,0.15357189702501559,50,0.0,0.0,0.0,0.0,7
sac_her_recovery,action_delay,0,0.0,-16.0,1.0,0.004828060562561178,50,0.07188163697719574,0.3522447645664215,0.0,1.0,7
sac_her,action_delay,0,0.0,-50.0,0.0,0.16246990561941158,50,0.0,0.0,0.0,0.0,8
sac_her_recovery,action_delay,0,0.0,-50.0,0.0,0.16246990561941158,50,0.0,0.0,0.0,0.0,8
sac_her,action_delay,0,0.0,-50.0,0.0,0.1329848890006077,50,0.0,0.0,0.0,0.0,9
sac_her_recovery,action_delay,0,0.0,-12.0,1.0,0.0032595152967165824,50,0.059248972684144974,0.2903858721256256,0.0,1.0,9
sac_her,action_reverse,0,0.0,-50.0,0.0,1.5109942031271204,50,0.007537860423326492,1.9915380477905273,1.0,0.0,0
sac_her_recovery,action_reverse,0,0.0,-17.0,1.0,0.022341680008466803,50,0.11688343435525894,0.5032261610031128,1.0,1.0,0
sac_her,action_reverse,0,0.0,-50.0,0.0,1.4828760755577426,50,0.07341543585062027,1.9091130495071411,1.0,0.0,1
sac_her_recovery,action_reverse,0,0.0,-17.0,1.0,0.0007966611936597671,50,0.1184859499335289,0.43776971101760864,1.0,1.0,1
sac_her,action_reverse,0,0.0,-50.0,0.0,1.0878065236944408,50,0.05381566286087036,1.9555907249450684,1.0,0.0,2
sac_her_recovery,action_reverse,0,0.0,-21.0,1.0,0.002933146061941292,50,0.1955396831035614,0.5382155179977417,1.0,1.0,2
sac_her,action_reverse,0,0.0,-50.0,0.0,1.0683563592187406,50,0.05031554400920868,1.964013695716858,1.0,0.0,3
sac_her_recovery,action_reverse,0,0.0,-16.0,1.0,0.002596117974383185,50,0.11688343435525894,0.4364855885505676,1.0,1.0,3
sac_her,action_reverse,0,0.0,-50.0,0.0,1.413934423727983,50,0.0386989526450634,1.819307565689087,1.0,0.0,4
sac_her_recovery,action_reverse,0,0.0,-23.0,1.0,0.004414129365927252,50,0.18991020321846008,0.556481659412384,1.0,1.0,4
sac_her,action_reverse,0,0.0,-50.0,0.0,1.3809919501829326,50,0.040152762085199356,1.8207811117172241,1.0,0.0,5
sac_her_recovery,action_reverse,0,0.0,-16.0,1.0,0.0007871757322112717,50,0.11685103178024292,0.41223034262657166,1.0,1.0,5
sac_her,action_reverse,0,0.0,-50.0,0.0,1.4210686921925153,50,0.02410314977169037,1.9612022638320923,1.0,0.0,6
sac_her_recovery,action_reverse,0,0.0,-14.0,1.0,0.0007974320838635484,50,0.11386682838201523,0.3436969518661499,1.0,1.0,6
sac_her,action_reverse,0,0.0,-50.0,0.0,0.8403382837638393,50,0.027305152267217636,1.9541336297988892,1.0,0.0,7
sac_her_recovery,action_reverse,0,0.0,-15.0,1.0,0.0007900712336238931,50,0.11855103075504303,0.37919777631759644,1.0,1.0,7
sac_her,action_reverse,0,0.0,-50.0,0.0,1.296595615776039,50,0.04961979016661644,1.9007775783538818,1.0,0.0,8
sac_her_recovery,action_reverse,0,0.0,-17.0,1.0,0.000827509420380435,50,0.11232694983482361,0.4373423457145691,1.0,1.0,8
sac_her,action_reverse,0,0.0,-50.0,0.0,1.255115560184368,50,0.008520318195223808,1.9862979650497437,1.0,0.0,9
sac_her_recovery,action_reverse,0,0.0,-16.0,1.0,0.000710651145966162,50,0.15075074136257172,0.4543496370315552,1.0,1.0,9
sac_plain,action_delay,0,0.0,-50.0,0.0,0.15326543860079836,50,0.0,0.0,0.0,0.0,0
sac_plain_recovery,action_delay,0,0.0,-50.0,0.0,0.15326543860079836,50,0.0,0.0,0.0,0.0,0
sac_plain,action_delay,0,0.0,-50.0,0.0,0.16801074336107993,50,0.0,0.0,0.0,0.0,1
sac_plain_recovery,action_delay,0,0.0,-50.0,0.0,0.16801074336107993,50,0.0,0.0,0.0,0.0,1
sac_plain,action_delay,0,0.0,-50.0,0.0,0.1383211673588929,50,0.0,0.0,0.0,0.0,2
sac_plain_recovery,action_delay,0,0.0,-13.0,1.0,0.00441216843853189,50,0.06320709735155106,0.3097407817840576,0.0,1.0,2
sac_plain,action_delay,0,0.0,-50.0,0.0,0.17710007955540227,50,0.0,0.0,0.0,0.0,3
sac_plain_recovery,action_delay,0,0.0,-16.0,1.0,0.005134249357466924,50,0.07868719846010208,0.3861003816127777,0.0,1.0,3
sac_plain,action_delay,0,0.0,-50.0,0.0,0.19977532539988369,50,0.0,0.0,0.0,0.0,4
sac_plain_recovery,action_delay,0,0.0,-17.0,1.0,0.003582799970906743,50,0.0848567932844162,0.4158882796764374,0.0,1.0,4
sac_plain,action_delay,0,0.0,-50.0,0.0,0.12996253277531,50,0.0,0.0,0.0,0.0,5
sac_plain_recovery,action_delay,0,0.0,-50.0,0.0,0.11007849728497382,50,0.013261420652270317,0.012996192090213299,0.0,1.0,5
sac_plain,action_delay,0,0.0,-50.0,0.0,0.058050330961012135,50,0.0,0.0,0.0,0.0,6
sac_plain_recovery,action_delay,0,0.0,-50.0,0.0,0.058050330961012135,50,0.0,0.0,0.0,0.0,6
sac_plain,action_delay,0,0.0,-50.0,0.0,0.15357189702501559,50,0.0,0.0,0.0,0.0,7
sac_plain_recovery,action_delay,0,0.0,-16.0,1.0,0.004828060562561178,50,0.07188163697719574,0.3522447645664215,0.0,1.0,7
sac_plain,action_delay,0,0.0,-50.0,0.0,0.16246990561941158,50,0.0,0.0,0.0,0.0,8
sac_plain_recovery,action_delay,0,0.0,-50.0,0.0,0.16246990561941158,50,0.0,0.0,0.0,0.0,8
sac_plain,action_delay,0,0.0,-50.0,0.0,0.1329848890006077,50,0.0,0.0,0.0,0.0,9
sac_plain_recovery,action_delay,0,0.0,-12.0,1.0,0.0032595152967165824,50,0.059248972684144974,0.2903858721256256,0.0,1.0,9
sac_plain,action_reverse,0,0.0,-50.0,0.0,1.5109942031271204,50,0.007537860423326492,1.9915380477905273,1.0,0.0,0
sac_plain_recovery,action_reverse,0,0.0,-17.0,1.0,0.022341680008466803,50,0.11688343435525894,0.5032261610031128,1.0,1.0,0
sac_plain,action_reverse,0,0.0,-50.0,0.0,1.4828760755577426,50,0.07341543585062027,1.9091130495071411,1.0,0.0,1
sac_plain_recovery,action_reverse,0,0.0,-17.0,1.0,0.0007966611936597671,50,0.1184859499335289,0.43776971101760864,1.0,1.0,1
sac_plain,action_reverse,0,0.0,-50.0,0.0,1.0878065236944408,50,0.05381566286087036,1.9555907249450684,1.0,0.0,2
sac_plain_recovery,action_reverse,0,0.0,-21.0,1.0,0.002933146061941292,50,0.1955396831035614,0.5382155179977417,1.0,1.0,2
sac_plain,action_reverse,0,0.0,-50.0,0.0,1.0683563592187406,50,0.05031554400920868,1.964013695716858,1.0,0.0,3
sac_plain_recovery,action_reverse,0,0.0,-16.0,1.0,0.002596117974383185,50,0.11688343435525894,0.4364855885505676,1.0,1.0,3
sac_plain,action_reverse,0,0.0,-50.0,0.0,1.413934423727983,50,0.0386989526450634,1.819307565689087,1.0,0.0,4
sac_plain_recovery,action_reverse,0,0.0,-23.0,1.0,0.004414129365927252,50,0.18991020321846008,0.556481659412384,1.0,1.0,4
sac_plain,action_reverse,0,0.0,-50.0,0.0,1.3809919501829326,50,0.040152762085199356,1.8207811117172241,1.0,0.0,5
sac_plain_recovery,action_reverse,0,0.0,-16.0,1.0,0.0007871757322112717,50,0.11685103178024292,0.41223034262657166,1.0,1.0,5
sac_plain,action_reverse,0,0.0,-50.0,0.0,1.4210686921925153,50,0.02410314977169037,1.9612022638320923,1.0,0.0,6
sac_plain_recovery,action_reverse,0,0.0,-14.0,1.0,0.0007974320838635484,50,0.11386682838201523,0.3436969518661499,1.0,1.0,6
sac_plain,action_reverse,0,0.0,-50.0,0.0,0.8403382837638393,50,0.027305152267217636,1.9541336297988892,1.0,0.0,7
sac_plain_recovery,action_reverse,0,0.0,-15.0,1.0,0.0007900712336238931,50,0.11855103075504303,0.37919777631759644,1.0,1.0,7
sac_plain,action_reverse,0,0.0,-50.0,0.0,1.296595615776039,50,0.04961979016661644,1.9007775783538818,1.0,0.0,8
sac_plain_recovery,action_reverse,0,0.0,-17.0,1.0,0.000827509420380435,50,0.11232694983482361,0.4373423457145691,1.0,1.0,8
sac_plain,action_reverse,0,0.0,-50.0,0.0,1.255115560184368,50,0.008520318195223808,1.9862979650497437,1.0,0.0,9
sac_plain_recovery,action_reverse,0,0.0,-16.0,1.0,0.000710651145966162,50,0.15075074136257172,0.4543496370315552,1.0,1.0,9
random,action_delay,1,0.0,-50.0,0.0,0.11812888507090265,50,0.0,0.0,0.0,0.0,0
random_recovery,action_delay,1,0.0,-50.0,0.0,0.11812888507090265,50,0.0,0.0,0.0,0.0,0
random,action_delay,1,0.0,-50.0,0.0,0.16674804083353512,50,0.0,0.0,0.0,0.0,1
random_recovery,action_delay,1,0.0,-14.0,1.0,0.003193431760596154,50,0.07072333991527557,0.34668442606925964,0.0,1.0,1
random,action_delay,1,0.0,-50.0,0.0,0.14856976495511945,50,0.0,0.0,0.0,0.0,2
random_recovery,action_delay,1,0.0,-14.0,1.0,0.004354972838628743,50,0.06447449326515198,0.3160525858402252,0.0,1.0,2
random,action_delay,1,0.0,-50.0,0.0,0.1338437788376919,50,0.0,0.0,0.0,0.0,3
random_recovery,action_delay,1,0.0,-50.0,0.0,0.1338437788376919,50,0.0,0.0,0.0,0.0,3
random,action_delay,1,0.0,-50.0,0.0,0.13997164380901286,50,0.0,0.0,0.0,0.0,4
random_recovery,action_delay,1,0.0,-50.0,0.0,0.13997164380901286,50,0.0,0.0,0.0,0.0,4
random,action_delay,1,0.0,-50.0,0.0,0.19076124424566182,50,0.0,0.0,0.0,0.0,5
random_recovery,action_delay,1,0.0,-50.0,0.0,0.19076124424566182,50,0.0,0.0,0.0,0.0,5
random,action_delay,1,0.0,-50.0,0.0,0.22584080380539412,50,0.0,0.0,0.0,0.0,6
random_recovery,action_delay,1,0.0,-50.0,0.0,0.22584080380539412,50,0.0,0.0,0.0,0.0,6
random,action_delay,1,0.0,0.0,1.0,0.04493471196079773,50,0.0,0.0,0.0,0.0,7
random_recovery,action_delay,1,0.0,0.0,1.0,0.005744696192959342,50,0.011973432265222073,0.05867462977766991,0.0,1.0,7
random,action_delay,1,0.0,-50.0,0.0,0.15620760366077882,50,0.0,0.0,0.0,0.0,8
random_recovery,action_delay,1,0.0,-50.0,0.0,0.15620760366077882,50,0.0,0.0,0.0,0.0,8
random,action_delay,1,0.0,-50.0,0.0,0.13175679926719414,50,0.0,0.0,0.0,0.0,9
random_recovery,action_delay,1,0.0,-13.0,1.0,0.004284064242636043,50,0.06178935617208481,0.3027805685997009,0.0,1.0,9
random,action_reverse,1,0.0,-50.0,0.0,0.2258352007083881,50,1.5323210954666138,1.1003681421279907,1.0,0.0,0
random_recovery,action_reverse,1,0.0,-4.0,1.0,0.0007344911070959015,50,0.037556543946266174,0.08923175185918808,0.0,1.0,0
random,action_reverse,1,0.0,-50.0,0.0,0.37133664660501386,50,1.5021414756774902,1.1317715644836426,1.0,0.0,1
random_recovery,action_reverse,1,0.0,-7.0,1.0,0.0009687885364454621,50,0.07074909657239914,0.13621658086776733,0.0,1.0,1
random,action_reverse,1,0.0,-49.0,1.0,0.27047797276788044,50,1.7984992265701294,1.2428371906280518,1.0,0.0,2
random_recovery,action_reverse,1,0.0,-6.0,1.0,0.0008687540540879142,50,0.06110723316669464,0.11714108288288116,0.0,1.0,2
random,action_reverse,1,0.0,-50.0,0.0,0.3261764072520152,50,1.5972269773483276,1.1218832731246948,1.0,0.0,3
random_recovery,action_reverse,1,0.0,-7.0,1.0,0.0008633715450931229,50,0.07630220055580139,0.14050135016441345,0.0,1.0,3
random,action_reverse,1,0.0,-50.0,0.0,0.26289405629657225,50,1.5583077669143677,1.1644192934036255,1.0,0.0,4
random_recovery,action_reverse,1,0.0,-6.0,1.0,0.0007438887739470662,50,0.02006165124475956,0.09054511785507202,0.0,1.0,4
random,action_reverse,1,0.0,-50.0,0.0,0.06562416039765823,50,1.7155272960662842,1.160840630531311,1.0,0.0,5
random_recovery,action_reverse,1,0.0,-7.0,1.0,0.007808810297618728,50,0.0942472442984581,0.18143945932388306,0.0,1.0,5
random,action_reverse,1,0.0,-50.0,0.0,0.24465608464882413,50,1.753645896911621,1.2017121315002441,1.0,0.0,6
random_recovery,action_reverse,1,0.0,-9.0,1.0,0.002054274124165019,50,0.072422556579113,0.17112629115581512,0.0,1.0,6
random,action_reverse,1,0.0,-49.0,1.0,0.20597841287474006,50,1.5646381378173828,1.1172751188278198,1.0,0.0,7
random_recovery,action_reverse,1,0.0,-2.0,1.0,0.0056262160987834665,50,0.06863802671432495,0.08358060568571091,0.0,1.0,7
random,action_reverse,1,0.0,-50.0,0.0,0.34753159707752124,50,1.5070875883102417,1.0768980979919434,1.0,0.0,8
random_recovery,action_reverse,1,0.0,-6.0,1.0,0.005015976571415712,50,0.06176700070500374,0.12809018790721893,0.0,1.0,8
random,action_reverse,1,0.0,-50.0,0.0,0.08463795222268439,50,1.530692219734192,1.059137225151062,1.0,0.0,9
random_recovery,action_reverse,1,0.0,-5.0,1.0,0.00286794135108821,50,0.06022067368030548,0.11472440510988235,0.0,1.0,9
rule_based,action_delay,1,0.0,-50.0,0.0,0.11812888507090265,50,0.0,0.0,0.0,0.0,0
rule_based_recovery,action_delay,1,0.0,-50.0,0.0,0.11812888507090265,50,0.0,0.0,0.0,0.0,0
rule_based,action_delay,1,0.0,-50.0,0.0,0.16674804083353512,50,0.0,0.0,0.0,0.0,1
rule_based_recovery,action_delay,1,0.0,-14.0,1.0,0.003193431760596154,50,0.07072333991527557,0.34668442606925964,0.0,1.0,1
rule_based,action_delay,1,0.0,-50.0,0.0,0.14856976495511945,50,0.0,0.0,0.0,0.0,2
rule_based_recovery,action_delay,1,0.0,-14.0,1.0,0.004354972838628743,50,0.06447449326515198,0.3160525858402252,0.0,1.0,2
rule_based,action_delay,1,0.0,-50.0,0.0,0.1338437788376919,50,0.0,0.0,0.0,0.0,3
rule_based_recovery,action_delay,1,0.0,-50.0,0.0,0.1338437788376919,50,0.0,0.0,0.0,0.0,3
rule_based,action_delay,1,0.0,-50.0,0.0,0.13997164380901286,50,0.0,0.0,0.0,0.0,4
rule_based_recovery,action_delay,1,0.0,-50.0,0.0,0.13997164380901286,50,0.0,0.0,0.0,0.0,4
rule_based,action_delay,1,0.0,-50.0,0.0,0.19076124424566182,50,0.0,0.0,0.0,0.0,5
rule_based_recovery,action_delay,1,0.0,-50.0,0.0,0.19076124424566182,50,0.0,0.0,0.0,0.0,5
rule_based,action_delay,1,0.0,-50.0,0.0,0.22584080380539412,50,0.0,0.0,0.0,0.0,6
rule_based_recovery,action_delay,1,0.0,-50.0,0.0,0.22584080380539412,50,0.0,0.0,0.0,0.0,6
rule_based,action_delay,1,0.0,0.0,1.0,0.04493471196079773,50,0.0,0.0,0.0,0.0,7
rule_based_recovery,action_delay,1,0.0,0.0,1.0,0.005744696192959342,50,0.011973432265222073,0.05867462977766991,0.0,1.0,7
rule_based,action_delay,1,0.0,-50.0,0.0,0.15620760366077882,50,0.0,0.0,0.0,0.0,8
rule_based_recovery,action_delay,1,0.0,-50.0,0.0,0.15620760366077882,50,0.0,0.0,0.0,0.0,8
rule_based,action_delay,1,0.0,-50.0,0.0,0.13175679926719414,50,0.0,0.0,0.0,0.0,9
rule_based_recovery,action_delay,1,0.0,-13.0,1.0,0.004284064242636043,50,0.06178935617208481,0.3027805685997009,0.0,1.0,9
rule_based,action_reverse,1,0.0,-50.0,0.0,1.6155023932620345,50,0.030809491872787476,1.6027014255523682,1.0,0.0,0
rule_based_recovery,action_reverse,1,0.0,-39.0,1.0,0.05736181972192303,50,0.21834175288677216,0.4154009222984314,0.0,1.0,0
rule_based,action_reverse,1,0.0,-50.0,0.0,1.2734080681929654,50,0.026449741795659065,1.637804388999939,1.0,0.0,1
rule_based_recovery,action_reverse,1,0.0,-38.0,1.0,0.06111896371659405,50,0.21767112612724304,0.47672948241233826,0.0,1.0,1
rule_based,action_reverse,1,0.0,-50.0,0.0,0.6998199083539842,50,0.029677974060177803,1.5975793600082397,1.0,0.0,2
rule_based_recovery,action_reverse,1,0.0,-37.0,1.0,0.07049975996157447,50,0.21640561521053314,0.44732600450515747,0.0,1.0,2
rule_based,action_reverse,1,0.0,-50.0,0.0,1.070884061512133,50,0.02522430196404457,1.6416537761688232,1.0,0.0,3
rule_based_recovery,action_reverse,1,0.0,-39.0,1.0,0.06410182082682749,50,0.23050805926322937,0.44228631258010864,0.0,1.0,3
rule_based,action_reverse,1,0.0,-50.0,0.0,1.631526320671901,50,0.0242905393242836,1.6480861902236938,1.0,0.0,4
rule_based_recovery,action_reverse,1,0.0,-41.0,1.0,0.067681257464434,50,0.23532210290431976,0.45668652653694153,0.0,1.0,4
rule_based,action_reverse,1,0.0,-50.0,0.0,1.660658473741918,50,0.024019939824938774,1.6648598909378052,1.0,0.0,5
rule_based_recovery,action_reverse,1,0.0,-39.0,1.0,0.06720240250411293,50,0.22310036420822144,0.5235942602157593,0.0,1.0,5
rule_based,action_reverse,1,0.0,-50.0,0.0,1.5967763504986887,50,0.013399596326053143,1.7071168422698975,1.0,0.0,6
rule_based_recovery,action_reverse,1,0.0,-38.0,1.0,0.05781122644650618,50,0.2388131022453308,0.582708477973938,1.0,1.0,6
rule_based,action_reverse,1,0.0,-50.0,0.0,1.1882972890730885,50,0.050804901868104935,1.2550995349884033,1.0,0.0,7
rule_based_recovery,action_reverse,1,0.0,-38.0,1.0,0.08056374915025231,50,0.17950227856636047,0.29202738404273987,0.0,1.0,7
rule_based,action_reverse,1,0.0,-50.0,0.0,1.650820899052684,50,0.02607775293290615,1.6492260694503784,1.0,0.0,8
rule_based_recovery,action_reverse,1,0.0,-38.0,1.0,0.07331676105843782,50,0.22127941250801086,0.47594332695007324,0.0,1.0,8
rule_based,action_reverse,1,0.0,-50.0,0.0,1.3263894584667948,50,0.03411497920751572,1.5235378742218018,1.0,0.0,9
rule_based_recovery,action_reverse,1,0.0,-38.0,1.0,0.0642128027716607,50,0.22264476120471954,0.42609599232673645,0.0,1.0,9
sac_her,action_delay,1,0.0,-50.0,0.0,0.11812888507090265,50,0.0,0.0,0.0,0.0,0
sac_her_recovery,action_delay,1,0.0,-50.0,0.0,0.11812888507090265,50,0.0,0.0,0.0,0.0,0
sac_her,action_delay,1,0.0,-50.0,0.0,0.16674804083353512,50,0.0,0.0,0.0,0.0,1
sac_her_recovery,action_delay,1,0.0,-14.0,1.0,0.003193431760596154,50,0.07072333991527557,0.34668442606925964,0.0,1.0,1
sac_her,action_delay,1,0.0,-50.0,0.0,0.14856976495511945,50,0.0,0.0,0.0,0.0,2
sac_her_recovery,action_delay,1,0.0,-14.0,1.0,0.004354972838628743,50,0.06447449326515198,0.3160525858402252,0.0,1.0,2
sac_her,action_delay,1,0.0,-50.0,0.0,0.1338437788376919,50,0.0,0.0,0.0,0.0,3
sac_her_recovery,action_delay,1,0.0,-50.0,0.0,0.1338437788376919,50,0.0,0.0,0.0,0.0,3
sac_her,action_delay,1,0.0,-50.0,0.0,0.13997164380901286,50,0.0,0.0,0.0,0.0,4
sac_her_recovery,action_delay,1,0.0,-50.0,0.0,0.13997164380901286,50,0.0,0.0,0.0,0.0,4
sac_her,action_delay,1,0.0,-50.0,0.0,0.19076124424566182,50,0.0,0.0,0.0,0.0,5
sac_her_recovery,action_delay,1,0.0,-50.0,0.0,0.19076124424566182,50,0.0,0.0,0.0,0.0,5
sac_her,action_delay,1,0.0,-50.0,0.0,0.22584080380539412,50,0.0,0.0,0.0,0.0,6
sac_her_recovery,action_delay,1,0.0,-50.0,0.0,0.22584080380539412,50,0.0,0.0,0.0,0.0,6
sac_her,action_delay,1,0.0,0.0,1.0,0.04493471196079773,50,0.0,0.0,0.0,0.0,7
sac_her_recovery,action_delay,1,0.0,0.0,1.0,0.005744696192959342,50,0.011973432265222073,0.05867462977766991,0.0,1.0,7
sac_her,action_delay,1,0.0,-50.0,0.0,0.15620760366077882,50,0.0,0.0,0.0,0.0,8
sac_her_recovery,action_delay,1,0.0,-50.0,0.0,0.15620760366077882,50,0.0,0.0,0.0,0.0,8
sac_her,action_delay,1,0.0,-50.0,0.0,0.13175679926719414,50,0.0,0.0,0.0,0.0,9
sac_her_recovery,action_delay,1,0.0,-13.0,1.0,0.004284064242636043,50,0.06178935617208481,0.3027805685997009,0.0,1.0,9
sac_her,action_reverse,1,0.0,-50.0,0.0,1.606043102433336,50,0.050043985247612,1.9490047693252563,1.0,0.0,0
sac_her_recovery,action_reverse,1,0.0,-16.0,1.0,0.0007259896519366469,50,0.11823581904172897,0.42514118552207947,1.0,1.0,0
sac_her,action_reverse,1,0.0,-50.0,0.0,1.2821741070248796,50,0.009411528706550598,1.9824414253234863,1.0,0.0,1
sac_her_recovery,action_reverse,1,0.0,-28.0,1.0,0.03876376677332262,50,0.26276883482933044,0.6542028188705444,1.0,1.0,1
sac_her,action_reverse,1,0.0,-50.0,0.0,0.7753916337916447,50,0.01087427418678999,1.9803686141967773,1.0,0.0,2
sac_her_recovery,action_reverse,1,0.0,-16.0,1.0,0.0008931278587904117,50,0.11415580660104752,0.4129152297973633,1.0,1.0,2
sac_her,action_reverse,1,0.0,-50.0,0.0,1.072786359146687,50,0.011013741604983807,1.9847464561462402,1.0,0.0,3
sac_her_recovery,action_reverse,1,0.0,-17.0,1.0,0.0008382465992547327,50,0.11883394420146942,0.4417254328727722,1.0,1.0,3
sac_her,action_reverse,1,0.0,-50.0,0.0,1.6328405552212566,50,0.04587044566869736,1.9540727138519287,1.0,0.0,4
sac_her_recovery,action_reverse,1,0.0,-16.0,1.0,0.0007290070891469925,50,0.11488548666238785,0.4479028582572937,1.0,1.0,4
sac_her,action_reverse,1,0.0,-50.0,0.0,1.6608274893563109,50,0.05052972957491875,1.9271388053894043,1.0,0.0,5
sac_her_recovery,action_reverse,1,0.0,-17.0,1.0,0.005827603068102819,50,0.10898138582706451,0.4632597267627716,1.0,1.0,5
sac_her,action_reverse,1,0.0,-50.0,0.0,1.5980969332838306,50,0.0011285202344879508,1.9988772869110107,1.0,0.0,6
sac_her_recovery,action_reverse,1,0.0,-18.0,1.0,0.0008769226164822038,50,0.11112228780984879,0.5089527368545532,1.0,1.0,6
sac_her,action_reverse,1,0.0,-50.0,0.0,1.5270861583291602,50,0.07626985758543015,1.885434865951538,1.0,0.0,7
sac_her_recovery,action_reverse,1,0.0,-13.0,1.0,0.0007763853700574132,50,0.1004311591386795,0.2861652076244354,1.0,1.0,7
sac_her,action_reverse,1,0.0,-50.0,0.0,1.6422519945732437,50,0.04541529342532158,1.954037070274353,1.0,0.0,8
sac_her_recovery,action_reverse,1,0.0,-17.0,1.0,0.0005842786217592299,50,0.11653795838356018,0.4554782509803772,1.0,1.0,8
sac_her,action_reverse,1,0.0,-50.0,0.0,0.8132349267574098,50,0.01770840212702751,1.9683111906051636,1.0,0.0,9
sac_her_recovery,action_reverse,1,0.0,-7.0,1.0,0.0007894399932959825,50,0.0658007562160492,0.13895587623119354,1.0,1.0,9
sac_plain,action_delay,1,0.0,-50.0,0.0,0.11812888507090265,50,0.0,0.0,0.0,0.0,0
sac_plain_recovery,action_delay,1,0.0,-50.0,0.0,0.11812888507090265,50,0.0,0.0,0.0,0.0,0
sac_plain,action_delay,1,0.0,-50.0,0.0,0.16674804083353512,50,0.0,0.0,0.0,0.0,1
sac_plain_recovery,action_delay,1,0.0,-14.0,1.0,0.003193431760596154,50,0.07072333991527557,0.34668442606925964,0.0,1.0,1
sac_plain,action_delay,1,0.0,-50.0,0.0,0.14856976495511945,50,0.0,0.0,0.0,0.0,2
sac_plain_recovery,action_delay,1,0.0,-14.0,1.0,0.004354972838628743,50,0.06447449326515198,0.3160525858402252,0.0,1.0,2
sac_plain,action_delay,1,0.0,-50.0,0.0,0.1338437788376919,50,0.0,0.0,0.0,0.0,3
sac_plain_recovery,action_delay,1,0.0,-50.0,0.0,0.1338437788376919,50,0.0,0.0,0.0,0.0,3
sac_plain,action_delay,1,0.0,-50.0,0.0,0.13997164380901286,50,0.0,0.0,0.0,0.0,4
sac_plain_recovery,action_delay,1,0.0,-50.0,0.0,0.13997164380901286,50,0.0,0.0,0.0,0.0,4
sac_plain,action_delay,1,0.0,-50.0,0.0,0.19076124424566182,50,0.0,0.0,0.0,0.0,5
sac_plain_recovery,action_delay,1,0.0,-50.0,0.0,0.19076124424566182,50,0.0,0.0,0.0,0.0,5
sac_plain,action_delay,1,0.0,-50.0,0.0,0.22584080380539412,50,0.0,0.0,0.0,0.0,6
sac_plain_recovery,action_delay,1,0.0,-50.0,0.0,0.22584080380539412,50,0.0,0.0,0.0,0.0,6
sac_plain,action_delay,1,0.0,0.0,1.0,0.04493471196079773,50,0.0,0.0,0.0,0.0,7
sac_plain_recovery,action_delay,1,0.0,0.0,1.0,0.005744696192959342,50,0.011973432265222073,0.05867462977766991,0.0,1.0,7
sac_plain,action_delay,1,0.0,-50.0,0.0,0.15620760366077882,50,0.0,0.0,0.0,0.0,8
sac_plain_recovery,action_delay,1,0.0,-50.0,0.0,0.15620760366077882,50,0.0,0.0,0.0,0.0,8
sac_plain,action_delay,1,0.0,-50.0,0.0,0.13175679926719414,50,0.0,0.0,0.0,0.0,9
sac_plain_recovery,action_delay,1,0.0,-13.0,1.0,0.004284064242636043,50,0.06178935617208481,0.3027805685997009,0.0,1.0,9
sac_plain,action_reverse,1,0.0,-50.0,0.0,1.606043102433336,50,0.050043985247612,1.9490047693252563,1.0,0.0,0
sac_plain_recovery,action_reverse,1,0.0,-16.0,1.0,0.0007259896519366469,50,0.11823581904172897,0.42514118552207947,1.0,1.0,0
sac_plain,action_reverse,1,0.0,-50.0,0.0,1.2821741070248796,50,0.009411528706550598,1.9824414253234863,1.0,0.0,1
sac_plain_recovery,action_reverse,1,0.0,-28.0,1.0,0.03876376677332262,50,0.26276883482933044,0.6542028188705444,1.0,1.0,1
sac_plain,action_reverse,1,0.0,-50.0,0.0,0.7753916337916447,50,0.01087427418678999,1.9803686141967773,1.0,0.0,2
sac_plain_recovery,action_reverse,1,0.0,-16.0,1.0,0.0008931278587904117,50,0.11415580660104752,0.4129152297973633,1.0,1.0,2
sac_plain,action_reverse,1,0.0,-50.0,0.0,1.072786359146687,50,0.011013741604983807,1.9847464561462402,1.0,0.0,3
sac_plain_recovery,action_reverse,1,0.0,-17.0,1.0,0.0008382465992547327,50,0.11883394420146942,0.4417254328727722,1.0,1.0,3
sac_plain,action_reverse,1,0.0,-50.0,0.0,1.6328405552212566,50,0.04587044566869736,1.9540727138519287,1.0,0.0,4
sac_plain_recovery,action_reverse,1,0.0,-16.0,1.0,0.0007290070891469925,50,0.11488548666238785,0.4479028582572937,1.0,1.0,4
sac_plain,action_reverse,1,0.0,-50.0,0.0,1.6608274893563109,50,0.05052972957491875,1.9271388053894043,1.0,0.0,5
sac_plain_recovery,action_reverse,1,0.0,-17.0,1.0,0.005827603068102819,50,0.10898138582706451,0.4632597267627716,1.0,1.0,5
sac_plain,action_reverse,1,0.0,-50.0,0.0,1.5980969332838306,50,0.0011285202344879508,1.9988772869110107,1.0,0.0,6
sac_plain_recovery,action_reverse,1,0.0,-18.0,1.0,0.0008769226164822038,50,0.11112228780984879,0.5089527368545532,1.0,1.0,6
sac_plain,action_reverse,1,0.0,-50.0,0.0,1.5270861583291602,50,0.07626985758543015,1.885434865951538,1.0,0.0,7
sac_plain_recovery,action_reverse,1,0.0,-13.0,1.0,0.0007763853700574132,50,0.1004311591386795,0.2861652076244354,1.0,1.0,7
sac_plain,action_reverse,1,0.0,-50.0,0.0,1.6422519945732437,50,0.04541529342532158,1.954037070274353,1.0,0.0,8
sac_plain_recovery,action_reverse,1,0.0,-17.0,1.0,0.0005842786217592299,50,0.11653795838356018,0.4554782509803772,1.0,1.0,8
sac_plain,action_reverse,1,0.0,-50.0,0.0,0.8132349267574098,50,0.01770840212702751,1.9683111906051636,1.0,0.0,9
sac_plain_recovery,action_reverse,1,0.0,-7.0,1.0,0.0007894399932959825,50,0.0658007562160492,0.13895587623119354,1.0,1.0,9
random,action_delay,2,0.0,-50.0,0.0,0.14920970289300597,50,0.0,0.0,0.0,0.0,0
random_recovery,action_delay,2,0.0,-50.0,0.0,0.14920970289300597,50,0.0,0.0,0.0,0.0,0
random,action_delay,2,0.0,-50.0,0.0,0.14685795843203675,50,0.0,0.0,0.0,0.0,1
random_recovery,action_delay,2,0.0,-50.0,0.0,0.14685795843203675,50,0.0,0.0,0.0,0.0,1
random,action_delay,2,0.0,-50.0,0.0,0.11325526863352044,50,0.0,0.0,0.0,0.0,2
random_recovery,action_delay,2,0.0,-11.0,1.0,0.0038001978717515667,50,0.05174319073557854,0.25354358553886414,0.0,1.0,2
random,action_delay,2,0.0,-50.0,0.0,0.15098074188578048,50,0.0,0.0,0.0,0.0,3
random_recovery,action_delay,2,0.0,-50.0,0.0,0.15098074188578048,50,0.0,0.0,0.0,0.0,3
random,action_delay,2,0.0,-50.0,0.0,0.10329089865150064,50,0.0,0.0,0.0,0.0,4
random_recovery,action_delay,2,0.0,-10.0,1.0,0.003376235002473787,50,0.04895741492509842,0.23990610241889954,0.0,1.0,4
random,action_delay,2,0.0,-50.0,0.0,0.17956707728080504,50,0.0,0.0,0.0,0.0,5
random_recovery,action_delay,2,0.0,-15.0,1.0,0.0040185268013289395,50,0.07750558108091354,0.3799935281276703,0.0,1.0,5
random,action_delay,2,0.0,-50.0,0.0,0.19261062343070637,50,0.0,0.0,0.0,0.0,6
random_recovery,action_delay,2,0.0,-17.0,1.0,0.004449665281780522,50,0.08208615332841873,0.40245115756988525,0.0,1.0,6
random,action_delay,2,0.0,-50.0,0.0,0.13974911847350138,50,0.0,0.0,0.0,0.0,7
random_recovery,action_delay,2,0.0,-13.0,1.0,0.004448007644154151,50,0.06277596205472946,0.3076378107070923,0.0,1.0,7
random,action_delay,2,0.0,-50.0,0.0,0.16687684800048472,50,0.0,0.0,0.0,0.0,8
random_recovery,action_delay,2,0.0,-50.0,0.0,0.16687684800048472,50,0.0,0.0,0.0,0.0,8
random,action_delay,2,0.0,-50.0,0.0,0.09409738616874805,50,0.0,0.0,0.0,0.0,9
random_recovery,action_delay,2,0.0,-8.0,1.0,0.0031015557333663774,50,0.04293392226099968,0.21038484573364258,0.0,1.0,9
random,action_reverse,2,0.0,-50.0,0.0,0.2997294129642188,50,1.4751613140106201,1.1162712574005127,1.0,0.0,0
random_recovery,action_reverse,2,0.0,-7.0,1.0,0.02545288473619881,50,0.0446079783141613,0.2063976526260376,0.0,1.0,0
random,action_reverse,2,0.0,-48.0,1.0,0.09447321699203252,50,1.6614030599594116,1.1844966411590576,1.0,0.0,1
random_recovery,action_reverse,2,0.0,-6.0,1.0,0.0016483375212876102,50,0.05612910911440849,0.12346822023391724,0.0,1.0,1
random,action_reverse,2,0.0,-50.0,0.0,0.132092735597124,50,1.562396764755249,1.0987836122512817,1.0,0.0,2
random_recovery,action_reverse,2,0.0,-4.0,1.0,0.0008385630877825355,50,0.03991129994392395,0.08953933417797089,0.0,1.0,2
random,action_reverse,2,0.0,-50.0,0.0,0.2176450502189776,50,1.4563043117523193,1.0761147737503052,1.0,0.0,3
random_recovery,action_reverse,2,0.0,-6.0,1.0,0.008503787740239918,50,0.05506771430373192,0.13515238463878632,0.0,1.0,3
random,action_reverse,2,0.0,-50.0,0.0,0.23768536877935992,50,1.5573655366897583,1.1450880765914917,1.0,0.0,4
random_recovery,action_reverse,2,0.0,-5.0,1.0,0.0008065811693281441,50,0.04027502238750458,0.09157659858465195,0.0,1.0,4
random,action_reverse,2,0.0,-49.0,1.0,0.25334190009153873,50,1.588655948638916,1.1711775064468384,1.0,0.0,5
random_recovery,action_reverse,2,0.0,-8.0,1.0,0.0005981934519347716,50,0.045323025435209274,0.1296314299106598,0.0,1.0,5
random,action_reverse,2,0.0,-50.0,0.0,0.21309981533303218,50,1.625400424003601,1.1063355207443237,1.0,0.0,6
random_recovery,action_reverse,2,0.0,-8.0,1.0,0.0029141605783095307,50,0.10202402621507645,0.18319278955459595,0.0,1.0,6
random,action_reverse,2,0.0,-50.0,0.0,0.15463377734795913,50,1.5667074918746948,1.1681157350540161,1.0,0.0,7
random_recovery,action_reverse,2,0.0,-6.0,1.0,0.0030159724734779283,50,0.05778507888317108,0.11835639178752899,0.0,1.0,7
random,action_reverse,2,0.0,-50.0,0.0,0.11710015420687908,50,1.6559823751449585,1.189423680305481,1.0,0.0,8
random_recovery,action_reverse,2,0.0,-8.0,1.0,0.000676832050675012,50,0.058015234768390656,0.14053547382354736,0.0,1.0,8
random,action_reverse,2,0.0,-50.0,0.0,0.19634135445426285,50,1.463364839553833,1.0560797452926636,1.0,0.0,9
random_recovery,action_reverse,2,0.0,-3.0,1.0,0.0005162942997349537,50,0.07626716792583466,0.09681978076696396,1.0,1.0,9
rule_based,action_delay,2,0.0,-50.0,0.0,0.14920970289300597,50,0.0,0.0,0.0,0.0,0
rule_based_recovery,action_delay,2,0.0,-50.0,0.0,0.14920970289300597,50,0.0,0.0,0.0,0.0,0
rule_based,action_delay,2,0.0,-50.0,0.0,0.14685795843203675,50,0.0,0.0,0.0,0.0,1
rule_based_recovery,action_delay,2,0.0,-50.0,0.0,0.14685795843203675,50,0.0,0.0,0.0,0.0,1
rule_based,action_delay,2,0.0,-50.0,0.0,0.11325526863352044,50,0.0,0.0,0.0,0.0,2
rule_based_recovery,action_delay,2,0.0,-11.0,1.0,0.0038001978717515667,50,0.05174319073557854,0.25354358553886414,0.0,1.0,2
rule_based,action_delay,2,0.0,-50.0,0.0,0.15098074188578048,50,0.0,0.0,0.0,0.0,3
rule_based_recovery,action_delay,2,0.0,-50.0,0.0,0.15098074188578048,50,0.0,0.0,0.0,0.0,3
rule_based,action_delay,2,0.0,-50.0,0.0,0.10329089865150064,50,0.0,0.0,0.0,0.0,4
rule_based_recovery,action_delay,2,0.0,-10.0,1.0,0.003376235002473787,50,0.04895741492509842,0.23990610241889954,0.0,1.0,4
rule_based,action_delay,2,0.0,-50.0,0.0,0.17956707728080504,50,0.0,0.0,0.0,0.0,5
rule_based_recovery,action_delay,2,0.0,-15.0,1.0,0.0040185268013289395,50,0.07750558108091354,0.3799935281276703,0.0,1.0,5
rule_based,action_delay,2,0.0,-50.0,0.0,0.19261062343070637,50,0.0,0.0,0.0,0.0,6
rule_based_recovery,action_delay,2,0.0,-17.0,1.0,0.004449665281780522,50,0.08208615332841873,0.40245115756988525,0.0,1.0,6
rule_based,action_delay,2,0.0,-50.0,0.0,0.13974911847350138,50,0.0,0.0,0.0,0.0,7
rule_based_recovery,action_delay,2,0.0,-13.0,1.0,0.004448007644154151,50,0.06277596205472946,0.3076378107070923,0.0,1.0,7
rule_based,action_delay,2,0.0,-50.0,0.0,0.16687684800048472,50,0.0,0.0,0.0,0.0,8
rule_based_recovery,action_delay,2,0.0,-50.0,0.0,0.16687684800048472,50,0.0,0.0,0.0,0.0,8
rule_based,action_delay,2,0.0,-50.0,0.0,0.09409738616874805,50,0.0,0.0,0.0,0.0,9
rule_based_recovery,action_delay,2,0.0,-8.0,1.0,0.0031015557333663774,50,0.04293392226099968,0.21038484573364258,0.0,1.0,9
rule_based,action_reverse,2,0.0,-50.0,0.0,1.6248607040923542,50,0.026403376832604408,1.6246453523635864,1.0,0.0,0
rule_based_recovery,action_reverse,2,0.0,-38.0,1.0,0.07264769244597483,50,0.20255406200885773,0.4527278244495392,0.0,1.0,0
rule_based,action_reverse,2,0.0,-50.0,0.0,1.6009947437354592,50,0.04363468289375305,1.400732159614563,1.0,0.0,1
rule_based_recovery,action_reverse,2,0.0,-37.0,1.0,0.07708670762853936,50,0.18511690199375153,0.4315182566642761,0.0,1.0,1
rule_based,action_reverse,2,0.0,-50.0,0.0,0.6199266681549122,50,0.03472717106342316,1.4754643440246582,1.0,0.0,2
rule_based_recovery,action_reverse,2,0.0,-39.0,1.0,0.05382842977704143,50,0.2113810032606125,0.3916129767894745,0.0,1.0,2
rule_based,action_reverse,2,0.0,-50.0,0.0,1.5179684339207662,50,0.02592063508927822,1.6482574939727783,1.0,0.0,3
rule_based_recovery,action_reverse,2,0.0,-36.0,1.0,0.07144228801242934,50,0.21394330263137817,0.46174606680870056,0.0,1.0,3
rule_based,action_reverse,2,0.0,-50.0,0.0,1.3162060467550005,50,0.038155727088451385,1.4850540161132812,1.0,0.0,4
rule_based_recovery,action_reverse,2,0.0,-38.0,1.0,0.04932127669977147,50,0.20804555714130402,0.38123619556427,0.0,1.0,4
rule_based,action_reverse,2,0.0,-50.0,0.0,1.288308638412962,50,0.019739903509616852,1.6766079664230347,1.0,0.0,5
rule_based_recovery,action_reverse,2,0.0,-38.0,1.0,0.06424034362710299,50,0.23391158878803253,0.5065051913261414,1.0,1.0,5
rule_based,action_reverse,2,0.0,-50.0,0.0,1.2780720301244366,50,0.02626967243850231,1.6278740167617798,1.0,0.0,6
rule_based_recovery,action_reverse,2,0.0,-38.0,1.0,0.06148553452067708,50,0.2216588854789734,0.49117499589920044,0.0,1.0,6
rule_based,action_reverse,2,0.0,-50.0,0.0,0.5401911683683072,50,0.024517536163330078,1.3519277572631836,0.0,0.0,7
rule_based_recovery,action_reverse,2,0.0,-38.0,1.0,0.06598987887522016,50,0.21766580641269684,0.42523524165153503,0.0,1.0,7
rule_based,action_reverse,2,0.0,-50.0,0.0,1.6637408389744865,50,0.02371256612241268,1.6603524684906006,1.0,0.0,8
rule_based_recovery,action_reverse,2,0.0,-39.0,1.0,0.08077296275813561,50,0.2205754518508911,0.48696181178092957,0.0,1.0,8
rule_based,action_reverse,2,0.0,-50.0,0.0,0.6813474338137069,50,0.0324871800839901,1.5342047214508057,1.0,0.0,9
rule_based_recovery,action_reverse,2,0.0,-37.0,1.0,0.044691651154099364,50,0.20014837384223938,0.3616565465927124,0.0,1.0,9
sac_her,action_delay,2,0.0,-50.0,0.0,0.14920970289300597,50,0.0,0.0,0.0,0.0,0
sac_her_recovery,action_delay,2,0.0,-50.0,0.0,0.14920970289300597,50,0.0,0.0,0.0,0.0,0
sac_her,action_delay,2,0.0,-50.0,0.0,0.14685795843203675,50,0.0,0.0,0.0,0.0,1
sac_her_recovery,action_delay,2,0.0,-50.0,0.0,0.14685795843203675,50,0.0,0.0,0.0,0.0,1
sac_her,action_delay,2,0.0,-50.0,0.0,0.11325526863352044,50,0.0,0.0,0.0,0.0,2
sac_her_recovery,action_delay,2,0.0,-11.0,1.0,0.0038001978717515667,50,0.05174319073557854,0.25354358553886414,0.0,1.0,2
sac_her,action_delay,2,0.0,-50.0,0.0,0.15098074188578048,50,0.0,0.0,0.0,0.0,3
sac_her_recovery,action_delay,2,0.0,-50.0,0.0,0.15098074188578048,50,0.0,0.0,0.0,0.0,3
sac_her,action_delay,2,0.0,-50.0,0.0,0.10329089865150064,50,0.0,0.0,0.0,0.0,4
sac_her_recovery,action_delay,2,0.0,-10.0,1.0,0.003376235002473787,50,0.04895741492509842,0.23990610241889954,0.0,1.0,4
sac_her,action_delay,2,0.0,-50.0,0.0,0.17956707728080504,50,0.0,0.0,0.0,0.0,5
sac_her_recovery,action_delay,2,0.0,-15.0,1.0,0.0040185268013289395,50,0.07750558108091354,0.3799935281276703,0.0,1.0,5
sac_her,action_delay,2,0.0,-50.0,0.0,0.19261062343070637,50,0.0,0.0,0.0,0.0,6
sac_her_recovery,action_delay,2,0.0,-17.0,1.0,0.004449665281780522,50,0.08208615332841873,0.40245115756988525,0.0,1.0,6
sac_her,action_delay,2,0.0,-50.0,0.0,0.13974911847350138,50,0.0,0.0,0.0,0.0,7
sac_her_recovery,action_delay,2,0.0,-13.0,1.0,0.004448007644154151,50,0.06277596205472946,0.3076378107070923,0.0,1.0,7
sac_her,action_delay,2,0.0,-50.0,0.0,0.16687684800048472,50,0.0,0.0,0.0,0.0,8
sac_her_recovery,action_delay,2,0.0,-50.0,0.0,0.16687684800048472,50,0.0,0.0,0.0,0.0,8
sac_her,action_delay,2,0.0,-50.0,0.0,0.09409738616874805,50,0.0,0.0,0.0,0.0,9
sac_her_recovery,action_delay,2,0.0,-8.0,1.0,0.0031015557333663774,50,0.04293392226099968,0.21038484573364258,0.0,1.0,9
sac_her,action_reverse,2,0.0,-50.0,0.0,1.6191880743875284,50,0.04803520813584328,1.9464572668075562,1.0,0.0,0
sac_her_recovery,action_reverse,2,0.0,-17.0,1.0,0.025617249773893094,50,0.11679501086473465,0.5087672472000122,1.0,1.0,0
sac_her,action_reverse,2,0.0,-50.0,0.0,1.3759745334985247,50,0.04678937420248985,1.8131506443023682,1.0,0.0,1
sac_her_recovery,action_reverse,2,0.0,-16.0,1.0,0.0008001922970424613,50,0.11576027423143387,0.39902499318122864,1.0,1.0,1
sac_her,action_reverse,2,0.0,-50.0,0.0,0.7035689805575228,50,0.03048841841518879,1.9480640888214111,1.0,0.0,2
sac_her_recovery,action_reverse,2,0.0,-20.0,1.0,0.0031669900160227697,50,0.20450720191001892,0.4843636751174927,1.0,1.0,2
sac_her,action_reverse,2,0.0,-50.0,0.0,1.5177094832803788,50,0.005850509740412235,1.9937824010849,1.0,0.0,3
sac_her_recovery,action_reverse,2,0.0,-17.0,1.0,0.008656335157386171,50,0.11653359234333038,0.4687453508377075,1.0,1.0,3
sac_her,action_reverse,2,0.0,-50.0,0.0,0.7918434585669695,50,0.023729776963591576,1.958069920539856,1.0,0.0,4
sac_her_recovery,action_reverse,2,0.0,-14.0,1.0,0.000831239742125734,50,0.11195459961891174,0.3574620187282562,1.0,1.0,4
sac_her,action_reverse,2,0.0,-50.0,0.0,1.3006104349774772,50,0.003702400950714946,1.9906446933746338,1.0,0.0,5
sac_her_recovery,action_reverse,2,0.0,-28.0,1.0,0.04273651536994738,50,0.26234978437423706,0.6767069101333618,1.0,1.0,5
sac_her,action_reverse,2,0.0,-50.0,0.0,1.3816959374618296,50,0.055204443633556366,1.7894765138626099,1.0,0.0,6
sac_her_recovery,action_reverse,2,0.0,-21.0,1.0,0.002770990747072393,50,0.18172787129878998,0.5037437677383423,1.0,1.0,6
sac_her,action_reverse,2,0.0,-50.0,0.0,0.7531343682635795,50,0.01788811758160591,1.9688435792922974,1.0,0.0,7
sac_her_recovery,action_reverse,2,0.0,-15.0,1.0,0.0008806697578337169,50,0.11586970090866089,0.38780951499938965,1.0,1.0,7
sac_her,action_reverse,2,0.0,-50.0,0.0,1.6565397573764915,50,0.04461406171321869,1.9569228887557983,1.0,0.0,8
sac_her_recovery,action_reverse,2,0.0,-17.0,1.0,0.0007145727459869136,50,0.11493884027004242,0.4633869528770447,1.0,1.0,8
sac_her,action_reverse,2,0.0,-50.0,0.0,0.7434667338112222,50,0.016370054334402084,1.9709855318069458,1.0,0.0,9
sac_her_recovery,action_reverse,2,0.0,-15.0,1.0,0.000876804560245089,50,0.11435383558273315,0.37777790427207947,1.0,1.0,9
sac_plain,action_delay,2,0.0,-50.0,0.0,0.14920970289300597,50,0.0,0.0,0.0,0.0,0
sac_plain_recovery,action_delay,2,0.0,-50.0,0.0,0.14920970289300597,50,0.0,0.0,0.0,0.0,0
sac_plain,action_delay,2,0.0,-50.0,0.0,0.14685795843203675,50,0.0,0.0,0.0,0.0,1
sac_plain_recovery,action_delay,2,0.0,-50.0,0.0,0.14685795843203675,50,0.0,0.0,0.0,0.0,1
sac_plain,action_delay,2,0.0,-50.0,0.0,0.11325526863352044,50,0.0,0.0,0.0,0.0,2
sac_plain_recovery,action_delay,2,0.0,-11.0,1.0,0.0038001978717515667,50,0.05174319073557854,0.25354358553886414,0.0,1.0,2
sac_plain,action_delay,2,0.0,-50.0,0.0,0.15098074188578048,50,0.0,0.0,0.0,0.0,3
sac_plain_recovery,action_delay,2,0.0,-50.0,0.0,0.15098074188578048,50,0.0,0.0,0.0,0.0,3
sac_plain,action_delay,2,0.0,-50.0,0.0,0.10329089865150064,50,0.0,0.0,0.0,0.0,4
sac_plain_recovery,action_delay,2,0.0,-10.0,1.0,0.003376235002473787,50,0.04895741492509842,0.23990610241889954,0.0,1.0,4
sac_plain,action_delay,2,0.0,-50.0,0.0,0.17956707728080504,50,0.0,0.0,0.0,0.0,5
sac_plain_recovery,action_delay,2,0.0,-15.0,1.0,0.0040185268013289395,50,0.07750558108091354,0.3799935281276703,0.0,1.0,5
sac_plain,action_delay,2,0.0,-50.0,0.0,0.19261062343070637,50,0.0,0.0,0.0,0.0,6
sac_plain_recovery,action_delay,2,0.0,-17.0,1.0,0.004449665281780522,50,0.08208615332841873,0.40245115756988525,0.0,1.0,6
sac_plain,action_delay,2,0.0,-50.0,0.0,0.13974911847350138,50,0.0,0.0,0.0,0.0,7
sac_plain_recovery,action_delay,2,0.0,-13.0,1.0,0.004448007644154151,50,0.06277596205472946,0.3076378107070923,0.0,1.0,7
sac_plain,action_delay,2,0.0,-50.0,0.0,0.16687684800048472,50,0.0,0.0,0.0,0.0,8
sac_plain_recovery,action_delay,2,0.0,-50.0,0.0,0.16687684800048472,50,0.0,0.0,0.0,0.0,8
sac_plain,action_delay,2,0.0,-50.0,0.0,0.09409738616874805,50,0.0,0.0,0.0,0.0,9
sac_plain_recovery,action_delay,2,0.0,-8.0,1.0,0.0031015557333663774,50,0.04293392226099968,0.21038484573364258,0.0,1.0,9
sac_plain,action_reverse,2,0.0,-50.0,0.0,1.6191880743875284,50,0.04803520813584328,1.9464572668075562,1.0,0.0,0
sac_plain_recovery,action_reverse,2,0.0,-17.0,1.0,0.025617249773893094,50,0.11679501086473465,0.5087672472000122,1.0,1.0,0
sac_plain,action_reverse,2,0.0,-50.0,0.0,1.3759745334985247,50,0.04678937420248985,1.8131506443023682,1.0,0.0,1
sac_plain_recovery,action_reverse,2,0.0,-16.0,1.0,0.0008001922970424613,50,0.11576027423143387,0.39902499318122864,1.0,1.0,1
sac_plain,action_reverse,2,0.0,-50.0,0.0,0.7035689805575228,50,0.03048841841518879,1.9480640888214111,1.0,0.0,2
sac_plain_recovery,action_reverse,2,0.0,-20.0,1.0,0.0031669900160227697,50,0.20450720191001892,0.4843636751174927,1.0,1.0,2
sac_plain,action_reverse,2,0.0,-50.0,0.0,1.5177094832803788,50,0.005850509740412235,1.9937824010849,1.0,0.0,3
sac_plain_recovery,action_reverse,2,0.0,-17.0,1.0,0.008656335157386171,50,0.11653359234333038,0.4687453508377075,1.0,1.0,3
sac_plain,action_reverse,2,0.0,-50.0,0.0,0.7918434585669695,50,0.023729776963591576,1.958069920539856,1.0,0.0,4
sac_plain_recovery,action_reverse,2,0.0,-14.0,1.0,0.000831239742125734,50,0.11195459961891174,0.3574620187282562,1.0,1.0,4
sac_plain,action_reverse,2,0.0,-50.0,0.0,1.3006104349774772,50,0.003702400950714946,1.9906446933746338,1.0,0.0,5
sac_plain_recovery,action_reverse,2,0.0,-28.0,1.0,0.04273651536994738,50,0.26234978437423706,0.6767069101333618,1.0,1.0,5
sac_plain,action_reverse,2,0.0,-50.0,0.0,1.3816959374618296,50,0.055204443633556366,1.7894765138626099,1.0,0.0,6
sac_plain_recovery,action_reverse,2,0.0,-21.0,1.0,0.002770990747072393,50,0.18172787129878998,0.5037437677383423,1.0,1.0,6
sac_plain,action_reverse,2,0.0,-50.0,0.0,0.7531343682635795,50,0.01788811758160591,1.9688435792922974,1.0,0.0,7
sac_plain_recovery,action_reverse,2,0.0,-15.0,1.0,0.0008806697578337169,50,0.11586970090866089,0.38780951499938965,1.0,1.0,7
sac_plain,action_reverse,2,0.0,-50.0,0.0,1.6565397573764915,50,0.04461406171321869,1.9569228887557983,1.0,0.0,8
sac_plain_recovery,action_reverse,2,0.0,-17.0,1.0,0.0007145727459869136,50,0.11493884027004242,0.4633869528770447,1.0,1.0,8
sac_plain,action_reverse,2,0.0,-50.0,0.0,0.7434667338112222,50,0.016370054334402084,1.9709855318069458,1.0,0.0,9
sac_plain_recovery,action_reverse,2,0.0,-15.0,1.0,0.000876804560245089,50,0.11435383558273315,0.37777790427207947,1.0,1.0,9
